stage,transport,workload,mode,arrival,req_size,reply_size,conc,threads,offered_mrps,rep,mrps,gbps,p50,p95,p99,p999,p9999,avg,min,max,drops,overflow,fail,reorder
rtt,tcp-envoy,64B/8B,closed,const,64,8,1,1,,1,0.015641,0.0080,62.00,64.00,68.00,125.00,235.00,62.93,56.44,2884.94,0,0,0,0
rtt,tcp-direct,64B/8B,closed,const,64,8,1,1,,1,0.039301,0.0201,24.00,25.00,29.00,48.00,103.00,24.04,15.51,2581.35,0,0,0,0
rtt,dpumesh-native,64B/8B,closed,const,64,8,1,1,,1,0.008310,0.0043,114.00,125.00,283.00,,,120.23,85.48,3562.12,,,0,0
rtt,tcp-envoy,256B/8B,closed,const,256,8,1,1,,1,0.015920,0.0326,62.00,63.00,67.00,141.00,298.00,61.81,51.18,3593.41,0,0,0,0
rtt,tcp-direct,256B/8B,closed,const,256,8,1,1,,1,0.038818,0.0795,24.00,25.00,30.00,56.00,106.00,24.36,15.67,4623.18,0,0,0,0
rtt,dpumesh-native,256B/8B,closed,const,256,8,1,1,,1,0.008533,0.0175,114.00,116.00,225.00,,,117.08,88.70,4811.75,,,0,0
rtt,tcp-envoy,1024B/8B,closed,const,1024,8,1,1,,1,0.016142,0.1322,60.00,63.00,67.00,137.00,239.00,60.95,50.82,14861.47,0,0,0,0
rtt,tcp-direct,1024B/8B,closed,const,1024,8,1,1,,1,0.038302,0.3138,24.00,25.00,29.00,57.00,107.00,24.70,15.69,3706.38,0,0,0,0
rtt,dpumesh-native,1024B/8B,closed,const,1024,8,1,1,,1,0.008536,0.0699,114.00,116.00,225.00,,,117.05,89.57,4610.02,,,0,0
rtt,tcp-envoy,8192B/8B,closed,const,8192,8,1,1,,1,0.015530,1.0178,62.00,66.00,69.00,142.00,219.00,63.39,53.10,2560.97,0,0,0,0
rtt,tcp-direct,8192B/8B,closed,const,8192,8,1,1,,1,0.037157,2.4351,26.00,26.00,29.00,74.00,113.00,25.35,16.98,5243.81,0,0,0,0
rtt,dpumesh-native,8192B/8B,closed,const,8192,8,1,1,,1,0.008195,0.5370,112.00,169.00,287.00,,,121.91,94.02,6119.35,,,0,0
rtt,tcp-envoy,65536B/8B,closed,const,65536,8,1,1,,1,0.009927,5.2047,98.00,102.00,126.00,195.00,387.00,99.75,92.86,1617.29,0,0,0,0
rtt,tcp-direct,65536B/8B,closed,const,65536,8,1,1,,1,0.023942,12.5527,39.00,42.00,54.00,107.00,155.00,40.29,29.91,10987.08,0,0,0,0
rtt,dpumesh-native,65536B/8B,closed,const,65536,8,1,1,,1,0.004598,2.4109,175.00,403.00,516.00,,,217.35,123.42,2149.50,,,0,0
rtt,tcp-envoy,1048576B/8B,closed,const,1048576,8,1,1,,1,0.001373,11.5134,724.00,773.00,905.00,1107.00,2805.00,727.14,597.48,5164.82,0,0,0,0
rtt,tcp-direct,1048576B/8B,closed,const,1048576,8,1,1,,1,0.003924,32.9205,242.00,278.00,488.00,547.00,618.00,253.06,203.53,3074.46,0,0,0,0
rtt,dpumesh-native,1048576B/8B,closed,const,1048576,8,1,1,,1,0.001439,12.0748,688.00,724.00,869.00,,,694.56,612.23,3569.13,,,0,0
rtt,tcp-direct,64B/8B,closed,const,64,8,1,1,,2,0.039845,0.0204,23.00,24.00,29.00,69.00,108.00,23.71,14.90,1907.01,0,0,0,0
rtt,dpumesh-native,64B/8B,closed,const,64,8,1,1,,2,0.008167,0.0042,114.00,170.00,286.00,,,122.34,86.45,15393.35,,,0,0
rtt,tcp-envoy,64B/8B,closed,const,64,8,1,1,,2,0.015638,0.0080,62.00,64.00,72.00,144.00,320.00,62.93,51.60,2371.08,0,0,0,0
rtt,tcp-direct,256B/8B,closed,const,256,8,1,1,,2,0.038916,0.0797,24.00,25.00,29.00,70.00,109.00,24.28,14.73,5405.78,0,0,0,0
rtt,dpumesh-native,256B/8B,closed,const,256,8,1,1,,2,0.008503,0.0174,114.00,116.00,223.00,,,117.50,92.73,4976.98,,,0,0
rtt,tcp-envoy,256B/8B,closed,const,256,8,1,1,,2,0.016126,0.0330,61.00,63.00,68.00,138.00,270.00,61.01,48.49,11485.06,0,0,0,0
rtt,tcp-direct,1024B/8B,closed,const,1024,8,1,1,,2,0.039767,0.3258,23.00,25.00,29.00,69.00,106.00,23.78,15.35,931.83,0,0,0,0
rtt,dpumesh-native,1024B/8B,closed,const,1024,8,1,1,,2,0.008472,0.0694,114.00,116.00,228.00,,,117.93,86.66,8065.16,,,0,0
rtt,tcp-envoy,1024B/8B,closed,const,1024,8,1,1,,2,0.015685,0.1285,62.00,64.00,70.00,141.00,213.00,62.75,51.77,5906.09,0,0,0,0
rtt,tcp-direct,8192B/8B,closed,const,8192,8,1,1,,2,0.036889,2.4176,25.00,26.00,30.00,74.00,112.00,25.64,15.79,3625.93,0,0,0,0
rtt,dpumesh-native,8192B/8B,closed,const,8192,8,1,1,,2,0.008438,0.5530,112.00,154.00,229.00,,,118.40,90.24,3275.18,,,0,0
rtt,tcp-envoy,8192B/8B,closed,const,8192,8,1,1,,2,0.015955,1.0456,59.00,66.00,70.00,139.00,197.00,61.69,51.65,2675.40,0,0,0,0
rtt,tcp-direct,65536B/8B,closed,const,65536,8,1,1,,2,0.021258,11.1455,45.00,47.00,59.00,118.00,150.00,45.62,33.10,2668.39,0,0,0,0
rtt,dpumesh-native,65536B/8B,closed,const,65536,8,1,1,,2,0.004630,2.4274,174.00,403.00,516.00,,,215.86,127.01,2860.85,,,0,0
rtt,tcp-envoy,65536B/8B,closed,const,65536,8,1,1,,2,0.010003,5.2442,97.00,102.00,127.00,193.00,415.00,98.99,88.83,8572.63,0,0,0,0
rtt,tcp-direct,1048576B/8B,closed,const,1048576,8,1,1,,2,0.003998,33.5387,240.00,270.00,472.00,546.00,643.00,248.39,203.00,1101.39,0,0,0,0
rtt,dpumesh-native,1048576B/8B,closed,const,1048576,8,1,1,,2,0.001445,12.1191,687.00,727.00,856.00,,,692.02,609.68,2460.82,,,0,0
rtt,tcp-envoy,1048576B/8B,closed,const,1048576,8,1,1,,2,0.001369,11.4833,723.00,771.00,889.00,980.00,1124.00,729.07,622.64,2747.17,0,0,0,0
rtt,dpumesh-native,64B/8B,closed,const,64,8,1,1,,3,0.008291,0.0042,114.00,151.00,283.00,,,120.51,81.24,3488.74,,,0,0
rtt,tcp-envoy,64B/8B,closed,const,64,8,1,1,,3,0.016461,0.0084,61.00,63.00,67.00,134.00,173.00,59.76,49.76,3427.04,0,0,0,0
rtt,tcp-direct,64B/8B,closed,const,64,8,1,1,,3,0.039439,0.0202,23.00,24.00,29.00,68.00,108.00,23.97,15.94,3058.80,0,0,0,0
rtt,dpumesh-native,256B/8B,closed,const,256,8,1,1,,3,0.008480,0.0174,114.00,116.00,227.00,,,117.81,86.85,14668.22,,,0,0
rtt,tcp-envoy,256B/8B,closed,const,256,8,1,1,,3,0.015658,0.0321,62.00,63.00,69.00,140.00,335.00,62.86,54.48,5058.37,0,0,0,0
rtt,tcp-direct,256B/8B,closed,const,256,8,1,1,,3,0.040504,0.0830,23.00,24.00,29.00,66.00,105.00,23.32,15.64,3102.53,0,0,0,0
rtt,dpumesh-native,1024B/8B,closed,const,1024,8,1,1,,3,0.008492,0.0696,114.00,116.00,226.00,,,117.65,89.04,3039.45,,,0,0
rtt,tcp-envoy,1024B/8B,closed,const,1024,8,1,1,,3,0.016560,0.1357,58.00,62.00,67.00,135.00,336.00,59.40,51.40,11500.74,0,0,0,0
rtt,tcp-direct,1024B/8B,closed,const,1024,8,1,1,,3,0.039004,0.3195,24.00,25.00,30.00,60.00,104.00,24.23,15.88,2922.91,0,0,0,0
rtt,dpumesh-native,8192B/8B,closed,const,8192,8,1,1,,3,0.008564,0.5612,112.00,116.00,226.00,,,116.65,93.50,14394.34,,,0,0
rtt,tcp-envoy,8192B/8B,closed,const,8192,8,1,1,,3,0.015481,1.0145,64.00,65.00,70.00,146.00,307.00,63.59,53.80,3960.95,0,0,0,0
rtt,tcp-direct,8192B/8B,closed,const,8192,8,1,1,,3,0.037735,2.4730,25.00,26.00,29.00,74.00,111.00,24.96,16.89,3110.18,0,0,0,0
rtt,dpumesh-native,65536B/8B,closed,const,65536,8,1,1,,3,0.004845,2.5400,173.00,347.00,461.00,,,206.30,124.61,3386.89,,,0,0
rtt,tcp-envoy,65536B/8B,closed,const,65536,8,1,1,,3,0.009992,5.2389,98.00,102.00,118.00,199.00,335.00,99.09,89.05,2035.87,0,0,0,0
rtt,tcp-direct,65536B/8B,closed,const,65536,8,1,1,,3,0.021454,11.2480,45.00,47.00,59.00,113.00,149.00,45.16,33.78,1234.71,0,0,0,0
rtt,dpumesh-native,1048576B/8B,closed,const,1048576,8,1,1,,3,0.001435,12.0364,691.00,734.00,811.00,,,696.78,624.55,8246.85,,,0,0
rtt,tcp-envoy,1048576B/8B,closed,const,1048576,8,1,1,,3,0.001376,11.5438,718.00,771.00,878.00,1059.00,2557.00,725.21,590.40,11568.51,0,0,0,0
rtt,tcp-direct,1048576B/8B,closed,const,1048576,8,1,1,,3,0.003929,32.9548,239.00,283.00,504.00,553.00,702.00,252.83,202.69,4152.96,0,0,0,0
rtt,tcp-envoy,64B/8B,closed,const,64,8,1,1,,4,0.015850,0.0081,62.00,63.00,68.00,135.00,265.00,62.09,51.04,4711.73,0,0,0,0
rtt,tcp-direct,64B/8B,closed,const,64,8,1,1,,4,0.039273,0.0201,24.00,24.00,29.00,69.00,105.00,24.07,15.55,3244.10,0,0,0,0
rtt,dpumesh-native,64B/8B,closed,const,64,8,1,1,,4,0.008363,0.0043,114.00,116.00,229.00,,,119.46,85.84,4676.90,,,0,0
rtt,tcp-envoy,256B/8B,closed,const,256,8,1,1,,4,0.015658,0.0321,62.00,64.00,69.00,139.00,390.00,62.87,51.96,2220.93,0,0,0,0
rtt,tcp-direct,256B/8B,closed,const,256,8,1,1,,4,0.040205,0.0823,23.00,24.00,29.00,60.00,104.00,23.51,15.56,3846.00,0,0,0,0
rtt,dpumesh-native,256B/8B,closed,const,256,8,1,1,,4,0.008560,0.0175,114.00,116.00,172.00,,,116.70,90.91,6419.74,,,0,0
rtt,tcp-envoy,1024B/8B,closed,const,1024,8,1,1,,4,0.015424,0.1264,63.00,64.00,69.00,142.00,258.00,63.83,57.72,9847.38,0,0,0,0
rtt,tcp-direct,1024B/8B,closed,const,1024,8,1,1,,4,0.040023,0.3279,23.00,24.00,30.00,57.00,105.00,23.60,15.60,3099.74,0,0,0,0
rtt,dpumesh-native,1024B/8B,closed,const,1024,8,1,1,,4,0.008568,0.0702,114.00,116.00,172.00,,,116.60,88.91,4796.58,,,0,0
rtt,tcp-envoy,8192B/8B,closed,const,8192,8,1,1,,4,0.015468,1.0137,62.00,66.00,69.00,142.00,299.00,63.66,54.49,3878.90,0,0,0,0
rtt,tcp-direct,8192B/8B,closed,const,8192,8,1,1,,4,0.038217,2.5046,22.00,29.00,30.00,68.00,110.00,24.68,16.41,122722.39,0,0,0,0
rtt,dpumesh-native,8192B/8B,closed,const,8192,8,1,1,,4,0.008496,0.5568,112.00,134.00,228.00,,,117.59,91.01,3207.49,,,0,0
rtt,tcp-envoy,65536B/8B,closed,const,65536,8,1,1,,4,0.009647,5.0577,101.00,104.00,128.00,205.00,396.00,102.62,90.59,2805.58,0,0,0,0
rtt,tcp-direct,65536B/8B,closed,const,65536,8,1,1,,4,0.021274,11.1539,45.00,47.00,61.00,101.00,136.00,45.53,32.96,1937.04,0,0,0,0
rtt,dpumesh-native,65536B/8B,closed,const,65536,8,1,1,,4,0.004533,2.3764,175.00,404.00,518.00,,,220.51,124.84,7372.21,,,0,0
rtt,tcp-envoy,1048576B/8B,closed,const,1048576,8,1,1,,4,0.001356,11.3751,725.00,770.00,862.00,1001.00,1642.00,735.99,583.42,2348.13,0,0,0,0
rtt,tcp-direct,1048576B/8B,closed,const,1048576,8,1,1,,4,0.003930,32.9663,240.00,274.00,500.00,553.00,798.00,252.74,205.75,4469.67,0,0,0,0
rtt,dpumesh-native,1048576B/8B,closed,const,1048576,8,1,1,,4,0.001413,11.8558,692.00,816.00,938.00,,,707.39,628.29,5638.72,,,0,0
rtt,tcp-direct,64B/8B,closed,const,64,8,1,1,,5,0.039578,0.0203,23.00,24.00,29.00,67.00,107.00,23.87,15.36,11377.35,0,0,0,0
rtt,dpumesh-native,64B/8B,closed,const,64,8,1,1,,5,0.008283,0.0042,114.00,169.00,270.00,,,120.62,86.16,7891.86,,,0,0
rtt,tcp-envoy,64B/8B,closed,const,64,8,1,1,,5,0.016067,0.0082,61.00,63.00,66.00,135.00,314.00,61.25,50.95,10670.72,0,0,0,0
rtt,tcp-direct,256B/8B,closed,const,256,8,1,1,,5,0.039611,0.0811,24.00,24.00,30.00,62.00,103.00,23.85,15.35,3011.57,0,0,0,0
rtt,dpumesh-native,256B/8B,closed,const,256,8,1,1,,5,0.008515,0.0174,114.00,116.00,226.00,,,117.32,92.78,3540.10,,,0,0
rtt,tcp-envoy,256B/8B,closed,const,256,8,1,1,,5,0.016187,0.0332,59.00,63.00,67.00,131.00,252.00,60.77,50.23,3630.00,0,0,0,0
rtt,tcp-direct,1024B/8B,closed,const,1024,8,1,1,,5,0.040110,0.3286,23.00,24.00,29.00,65.00,108.00,23.55,15.52,4686.51,0,0,0,0
rtt,dpumesh-native,1024B/8B,closed,const,1024,8,1,1,,5,0.008555,0.0701,114.00,115.00,224.00,,,116.78,91.94,3482.82,,,0,0
rtt,tcp-envoy,1024B/8B,closed,const,1024,8,1,1,,5,0.017159,0.1406,56.00,59.00,62.00,136.00,272.00,57.30,48.53,4073.71,0,0,0,0
rtt,tcp-direct,8192B/8B,closed,const,8192,8,1,1,,5,0.038402,2.5167,25.00,26.00,29.00,62.00,106.00,24.50,16.47,2781.72,0,0,0,0
rtt,dpumesh-native,8192B/8B,closed,const,8192,8,1,1,,5,0.008514,0.5580,112.00,125.00,228.00,,,117.34,96.87,14347.86,,,0,0
rtt,tcp-envoy,8192B/8B,closed,const,8192,8,1,1,,5,0.016130,1.0571,59.00,65.00,67.00,133.00,247.00,61.01,53.21,2795.98,0,0,0,0
rtt,tcp-direct,65536B/8B,closed,const,65536,8,1,1,,5,0.020543,10.7703,47.00,49.00,52.00,68.00,156.00,47.24,33.12,3944.39,0,0,0,0
rtt,dpumesh-native,65536B/8B,closed,const,65536,8,1,1,,5,0.004867,2.5517,173.00,346.00,461.00,,,205.35,126.91,3831.72,,,0,0
rtt,tcp-envoy,65536B/8B,closed,const,65536,8,1,1,,5,0.009912,5.1965,100.00,103.00,107.00,173.00,406.00,99.90,89.15,4761.59,0,0,0,0
rtt,tcp-direct,1048576B/8B,closed,const,1048576,8,1,1,,5,0.003972,33.3226,240.00,270.00,478.00,543.00,577.00,250.04,203.46,1938.27,0,0,0,0
rtt,dpumesh-native,1048576B/8B,closed,const,1048576,8,1,1,,5,0.001440,12.0804,691.00,729.00,748.00,,,694.24,625.06,5432.50,,,0,0
rtt,tcp-envoy,1048576B/8B,closed,const,1048576,8,1,1,,5,0.001381,11.5884,720.00,762.00,808.00,1029.00,1588.00,722.39,588.68,19230.46,0,0,0,0
conc,tcp-envoy,1024B/1024B,closed,const,1024,1024,1,1,,1,0.017209,0.1410,56.00,58.00,60.00,101.00,142.00,57.10,51.42,2431.47,0,0,0,0
conc,tcp-direct,1024B/1024B,closed,const,1024,1024,1,1,,1,0.040181,0.3292,23.00,24.00,29.00,40.00,74.00,23.44,15.94,5450.95,0,0,0,0
conc,dpumesh-native,1024B/1024B,closed,const,1024,1024,1,1,,1,0.008301,0.0680,114.00,131.00,283.00,,,120.35,86.25,3975.38,,,0,0
conc,tcp-envoy,1024B/1024B,closed,const,1024,1024,2,1,,1,0.030953,0.2536,63.00,65.00,67.00,104.00,135.00,63.58,56.00,3429.83,0,0,0,0
conc,tcp-direct,1024B/1024B,closed,const,1024,1024,2,1,,1,0.077622,0.6359,24.00,25.00,31.00,42.00,68.00,24.05,15.11,2818.80,0,0,0,0
conc,dpumesh-native,1024B/1024B,closed,const,1024,1024,2,1,,1,0.016582,0.1358,114.00,166.00,282.00,,,120.39,89.02,9488.65,,,0,0
conc,tcp-envoy,1024B/1024B,closed,const,1024,1024,4,1,,1,0.060931,0.4991,65.00,66.00,69.00,102.00,132.00,64.53,53.26,563.48,0,0,0,0
conc,tcp-direct,1024B/1024B,closed,const,1024,1024,4,1,,1,0.143503,1.1756,26.00,27.00,30.00,42.00,70.00,25.93,15.85,2440.31,0,0,0,0
conc,dpumesh-native,1024B/1024B,closed,const,1024,1024,4,1,,1,0.033396,0.2736,114.00,159.00,229.00,,,119.36,89.92,4155.53,,,0,0
conc,tcp-envoy,1024B/1024B,closed,const,1024,1024,8,1,,1,0.117320,0.9611,67.00,68.00,70.00,114.00,211.00,66.90,55.62,160601.83,0,0,0,0
conc,tcp-direct,1024B/1024B,closed,const,1024,1024,8,1,,1,0.277486,2.2732,26.00,27.00,30.00,44.00,97.00,26.61,17.91,1858.80,0,0,0,0
conc,dpumesh-native,1024B/1024B,closed,const,1024,1024,8,1,,1,0.066310,0.5432,113.00,163.00,282.00,,,119.86,81.12,6846.28,,,0,0
conc,tcp-envoy,1024B/1024B,closed,const,1024,1024,16,1,,1,0.214704,1.7589,73.00,76.00,77.00,143.00,353.00,72.84,63.08,14842.08,0,0,0,0
conc,tcp-direct,1024B/1024B,closed,const,1024,1024,16,1,,1,0.485758,3.9793,30.00,31.00,33.00,47.00,103.00,29.96,20.50,2803.99,0,0,0,0
conc,dpumesh-native,1024B/1024B,closed,const,1024,1024,16,1,,1,0.123842,1.0145,115.00,173.00,342.00,,,127.79,77.74,2888.22,,,0,0
conc,tcp-envoy,1024B/1024B,closed,const,1024,1024,32,1,,1,0.354265,2.9021,87.00,89.00,92.00,163.00,360.00,87.67,79.07,3831.11,0,0,0,0
conc,tcp-direct,1024B/1024B,closed,const,1024,1024,32,1,,1,0.803492,6.5822,35.00,36.00,38.00,50.00,119.00,35.11,25.31,4623.57,0,0,0,0
conc,dpumesh-native,1024B/1024B,closed,const,1024,1024,32,1,,1,0.249432,2.0434,118.00,173.00,228.00,,,126.39,83.44,2963.48,,,0,0
conc,tcp-envoy,1024B/1024B,closed,const,1024,1024,64,1,,1,0.471208,3.8601,128.00,133.00,139.00,365.00,939.00,128.47,89.74,2220.81,0,0,0,0
conc,tcp-direct,1024B/1024B,closed,const,1024,1024,64,1,,1,1.234222,10.1107,37.00,50.00,51.00,58.00,129.00,40.67,12.26,7977.45,0,0,0,0
conc,dpumesh-native,1024B/1024B,closed,const,1024,1024,64,1,,1,0.454115,3.7201,123.00,182.00,186.00,,,137.07,62.08,3094.11,,,0,0
conc,tcp-direct,1024B/1024B,closed,const,1024,1024,1,1,,2,0.038831,0.3181,24.00,25.00,29.00,39.00,97.00,24.25,16.31,4086.86,0,0,0,0
conc,dpumesh-native,1024B/1024B,closed,const,1024,1024,1,1,,2,0.008513,0.0697,114.00,116.00,226.00,,,117.36,87.92,7376.32,,,0,0
conc,tcp-envoy,1024B/1024B,closed,const,1024,1024,1,1,,2,0.016060,0.1316,62.00,64.00,66.00,104.00,241.00,61.27,50.96,2329.82,0,0,0,0
conc,tcp-direct,1024B/1024B,closed,const,1024,1024,2,1,,2,0.075220,0.6162,24.00,26.00,31.00,42.00,97.00,24.84,15.45,1369.17,0,0,0,0
conc,dpumesh-native,1024B/1024B,closed,const,1024,1024,2,1,,2,0.016682,0.1367,114.00,149.00,230.00,,,119.66,88.15,3460.33,,,0,0
conc,tcp-envoy,1024B/1024B,closed,const,1024,1024,2,1,,2,0.032430,0.2657,58.00,64.00,66.00,108.00,319.00,60.65,52.52,11502.67,0,0,0,0
conc,tcp-direct,1024B/1024B,closed,const,1024,1024,4,1,,2,0.144446,1.1833,25.00,26.00,30.00,41.00,101.00,25.74,15.96,2245.78,0,0,0,0
conc,dpumesh-native,1024B/1024B,closed,const,1024,1024,4,1,,2,0.033611,0.2753,114.00,117.00,229.00,,,118.59,87.30,3473.13,,,0,0
conc,tcp-envoy,1024B/1024B,closed,const,1024,1024,4,1,,2,0.061128,0.5008,64.00,66.00,68.00,112.00,256.00,64.33,54.45,2754.32,0,0,0,0
conc,tcp-direct,1024B/1024B,closed,const,1024,1024,8,1,,2,0.279184,2.2871,26.00,27.00,30.00,43.00,96.00,26.42,16.98,2515.85,0,0,0,0
conc,dpumesh-native,1024B/1024B,closed,const,1024,1024,8,1,,2,0.058037,0.4754,114.00,227.00,340.00,,,137.06,77.25,7264.67,,,0,0
conc,tcp-envoy,1024B/1024B,closed,const,1024,1024,8,1,,2,0.126215,1.0339,61.00,65.00,66.00,109.00,298.00,62.13,55.74,2645.16,0,0,0,0
conc,tcp-direct,1024B/1024B,closed,const,1024,1024,16,1,,2,0.488140,3.9988,29.00,30.00,32.00,48.00,105.00,29.80,19.21,13867.14,0,0,0,0
conc,dpumesh-native,1024B/1024B,closed,const,1024,1024,16,1,,2,0.126618,1.0373,115.00,171.00,285.00,,,124.88,83.50,6994.19,,,0,0
conc,tcp-envoy,1024B/1024B,closed,const,1024,1024,16,1,,2,0.209457,1.7159,74.00,75.00,78.00,130.00,420.00,74.69,67.47,6093.98,0,0,0,0
conc,tcp-direct,1024B/1024B,closed,const,1024,1024,32,1,,2,0.831800,6.8141,33.00,34.00,36.00,50.00,111.00,33.83,24.96,2255.57,0,0,0,0
conc,dpumesh-native,1024B/1024B,closed,const,1024,1024,32,1,,2,0.261826,2.1449,117.00,134.00,174.00,,,120.30,66.64,4830.57,,,0,0
conc,tcp-envoy,1024B/1024B,closed,const,1024,1024,32,1,,2,0.364744,2.9880,85.00,88.00,91.00,149.00,368.00,85.12,76.21,4511.85,0,0,0,0
conc,tcp-direct,1024B/1024B,closed,const,1024,1024,64,1,,2,1.044682,8.5580,46.00,48.00,49.00,83.00,132.00,46.03,12.21,6674.44,0,0,0,0
conc,dpumesh-native,1024B/1024B,closed,const,1024,1024,64,1,,2,0.449008,3.6783,124.00,183.00,188.00,,,138.68,67.32,15824.77,,,0,0
conc,tcp-envoy,1024B/1024B,closed,const,1024,1024,64,1,,2,0.467872,3.8328,128.00,133.00,141.00,349.00,645.00,129.40,89.70,2368.33,0,0,0,0
conc,dpumesh-native,1024B/1024B,closed,const,1024,1024,1,1,,3,0.008400,0.0688,114.00,128.00,228.00,,,118.94,87.94,4631.01,,,0,0
conc,tcp-envoy,1024B/1024B,closed,const,1024,1024,1,1,,3,0.015556,0.1274,62.00,64.00,67.00,115.00,156.00,63.27,57.67,3314.04,0,0,0,0
conc,tcp-direct,1024B/1024B,closed,const,1024,1024,1,1,,3,0.039171,0.3209,24.00,24.00,28.00,42.00,94.00,24.03,15.27,3127.25,0,0,0,0
conc,dpumesh-native,1024B/1024B,closed,const,1024,1024,2,1,,3,0.016678,0.1366,114.00,142.00,230.00,,,119.70,83.88,5313.84,,,0,0
conc,tcp-envoy,1024B/1024B,closed,const,1024,1024,2,1,,3,0.032400,0.2654,61.00,62.00,65.00,108.00,144.00,60.68,50.38,14291.43,0,0,0,0
conc,tcp-direct,1024B/1024B,closed,const,1024,1024,2,1,,3,0.074454,0.6099,25.00,26.00,30.00,42.00,96.00,25.06,16.00,970.18,0,0,0,0
conc,dpumesh-native,1024B/1024B,closed,const,1024,1024,4,1,,3,0.033690,0.2760,114.00,147.00,226.00,,,118.32,91.18,6364.33,,,0,0
conc,tcp-envoy,1024B/1024B,closed,const,1024,1024,4,1,,3,0.063548,0.5206,62.00,63.00,66.00,111.00,242.00,61.86,51.72,4674.23,0,0,0,0
conc,tcp-direct,1024B/1024B,closed,const,1024,1024,4,1,,3,0.149088,1.2213,24.00,25.00,30.00,47.00,97.00,24.88,15.98,1527.96,0,0,0,0
conc,dpumesh-native,1024B/1024B,closed,const,1024,1024,8,1,,3,0.056976,0.4667,114.00,228.00,398.00,,,139.63,85.32,14286.07,,,0,0
conc,tcp-envoy,1024B/1024B,closed,const,1024,1024,8,1,,3,0.122140,1.0006,64.00,65.00,68.00,124.00,199.00,64.20,55.06,4569.83,0,0,0,0
conc,tcp-direct,1024B/1024B,closed,const,1024,1024,8,1,,3,0.269583,2.2084,27.00,28.00,30.00,47.00,100.00,27.39,18.35,1099.54,0,0,0,0
conc,dpumesh-native,1024B/1024B,closed,const,1024,1024,16,1,,3,0.129093,1.0575,115.00,170.00,283.00,,,122.42,66.68,12311.17,,,0,0
conc,tcp-envoy,1024B/1024B,closed,const,1024,1024,16,1,,3,0.213728,1.7509,74.00,75.00,79.00,136.00,206.00,73.16,61.90,2684.27,0,0,0,0
conc,tcp-direct,1024B/1024B,closed,const,1024,1024,16,1,,3,0.485633,3.9783,29.00,31.00,33.00,51.00,105.00,29.98,19.49,1048.57,0,0,0,0
conc,dpumesh-native,1024B/1024B,closed,const,1024,1024,32,1,,3,0.242958,1.9903,118.00,175.00,290.00,,,129.70,87.10,2804.25,,,0,0
conc,tcp-envoy,1024B/1024B,closed,const,1024,1024,32,1,,3,0.361749,2.9634,85.00,88.00,92.00,148.00,186.00,85.81,76.89,957.30,0,0,0,0
conc,tcp-direct,1024B/1024B,closed,const,1024,1024,32,1,,3,0.814065,6.6688,34.00,35.00,38.00,66.00,112.00,34.64,25.12,2561.76,0,0,0,0
conc,dpumesh-native,1024B/1024B,closed,const,1024,1024,64,1,,3,0.444816,3.6439,124.00,183.00,189.00,,,140.08,70.79,4354.11,,,0,0
conc,tcp-envoy,1024B/1024B,closed,const,1024,1024,64,1,,3,0.474599,3.8879,124.00,132.00,139.00,224.00,448.00,127.77,79.69,116162.97,0,0,0,0
conc,tcp-direct,1024B/1024B,closed,const,1024,1024,64,1,,3,1.271015,10.4122,35.00,49.00,51.00,86.00,136.00,39.27,10.61,11893.41,0,0,0,0
conc,tcp-envoy,1024B/1024B,closed,const,1024,1024,1,1,,4,0.016247,0.1331,60.00,63.00,66.00,134.00,225.00,60.54,49.89,3946.66,0,0,0,0
conc,tcp-direct,1024B/1024B,closed,const,1024,1024,1,1,,4,0.039688,0.3251,23.00,24.00,29.00,57.00,103.00,23.73,15.88,5872.00,0,0,0,0
conc,dpumesh-native,1024B/1024B,closed,const,1024,1024,1,1,,4,0.008141,0.0667,114.00,171.00,286.00,,,122.73,86.05,4420.67,,,0,0
conc,tcp-envoy,1024B/1024B,closed,const,1024,1024,2,1,,4,0.033673,0.2758,57.00,61.00,62.00,132.00,173.00,58.38,52.67,2215.17,0,0,0,0
conc,tcp-direct,1024B/1024B,closed,const,1024,1024,2,1,,4,0.075696,0.6201,24.00,26.00,30.00,48.00,109.00,24.61,15.66,2199.49,0,0,0,0
conc,dpumesh-native,1024B/1024B,closed,const,1024,1024,2,1,,4,0.016375,0.1341,114.00,167.00,342.00,,,121.92,86.24,2954.67,,,0,0
conc,tcp-envoy,1024B/1024B,closed,const,1024,1024,4,1,,4,0.062834,0.5147,61.00,65.00,66.00,141.00,219.00,62.57,53.84,12109.01,0,0,0,0
conc,tcp-direct,1024B/1024B,closed,const,1024,1024,4,1,,4,0.147843,1.2111,25.00,26.00,30.00,46.00,113.00,25.16,15.79,4807.62,0,0,0,0
conc,dpumesh-native,1024B/1024B,closed,const,1024,1024,4,1,,4,0.033662,0.2758,114.00,125.00,225.00,,,118.42,90.65,34991.13,,,0,0
conc,tcp-envoy,1024B/1024B,closed,const,1024,1024,8,1,,4,0.115677,0.9476,67.00,68.00,71.00,147.00,187.00,67.87,62.50,4383.91,0,0,0,0
conc,tcp-direct,1024B/1024B,closed,const,1024,1024,8,1,,4,0.277126,2.2702,26.00,27.00,30.00,49.00,107.00,26.62,16.85,4448.07,0,0,0,0
conc,dpumesh-native,1024B/1024B,closed,const,1024,1024,8,1,,4,0.067087,0.5496,112.00,131.00,229.00,,,118.48,84.10,4697.60,,,0,0
conc,tcp-envoy,1024B/1024B,closed,const,1024,1024,16,1,,4,0.221536,1.8148,70.00,72.00,74.00,154.00,326.00,70.56,62.40,23015.50,0,0,0,0
conc,tcp-direct,1024B/1024B,closed,const,1024,1024,16,1,,4,0.488904,4.0051,29.00,31.00,33.00,58.00,117.00,29.78,21.13,1948.25,0,0,0,0
conc,dpumesh-native,1024B/1024B,closed,const,1024,1024,16,1,,4,0.122933,1.0071,115.00,173.00,285.00,,,128.73,85.60,4518.43,,,0,0
conc,tcp-envoy,1024B/1024B,closed,const,1024,1024,32,1,,4,0.369760,3.0291,82.00,88.00,90.00,166.00,396.00,83.95,75.96,4580.59,0,0,0,0
conc,tcp-direct,1024B/1024B,closed,const,1024,1024,32,1,,4,0.821764,6.7319,34.00,35.00,37.00,75.00,119.00,34.25,25.01,2935.71,0,0,0,0
conc,dpumesh-native,1024B/1024B,closed,const,1024,1024,32,1,,4,0.245206,2.0087,118.00,174.00,340.00,,,128.53,77.65,5249.04,,,0,0
conc,tcp-envoy,1024B/1024B,closed,const,1024,1024,64,1,,4,0.475453,3.8949,126.00,131.00,144.00,335.00,471.00,127.35,70.32,2260.07,0,0,0,0
conc,tcp-direct,1024B/1024B,closed,const,1024,1024,64,1,,4,1.100471,9.0151,47.00,49.00,51.00,90.00,136.00,44.76,11.28,15250.86,0,0,0,0
conc,dpumesh-native,1024B/1024B,closed,const,1024,1024,64,1,,4,0.460891,3.7756,123.00,181.00,186.00,,,134.95,60.55,2827.51,,,0,0
conc,tcp-direct,1024B/1024B,closed,const,1024,1024,1,1,,5,0.039808,0.3261,23.00,24.00,29.00,48.00,102.00,23.63,15.80,904.88,0,0,0,0
conc,dpumesh-native,1024B/1024B,closed,const,1024,1024,1,1,,5,0.008505,0.0697,114.00,116.00,226.00,,,117.47,90.93,3996.36,,,0,0
conc,tcp-envoy,1024B/1024B,closed,const,1024,1024,1,1,,5,0.016981,0.1391,56.00,60.00,62.00,135.00,267.00,57.89,50.87,6792.37,0,0,0,0
conc,tcp-direct,1024B/1024B,closed,const,1024,1024,2,1,,5,0.077601,0.6357,23.00,24.00,30.00,42.00,105.00,24.01,15.02,2858.43,0,0,0,0
conc,dpumesh-native,1024B/1024B,closed,const,1024,1024,2,1,,5,0.016586,0.1359,114.00,158.00,283.00,,,120.37,88.17,4519.11,,,0,0
conc,tcp-envoy,1024B/1024B,closed,const,1024,1024,2,1,,5,0.031414,0.2573,63.00,64.00,67.00,140.00,252.00,62.63,53.26,3709.76,0,0,0,0
conc,tcp-direct,1024B/1024B,closed,const,1024,1024,4,1,,5,0.146567,1.2007,25.00,26.00,29.00,46.00,109.00,25.38,15.81,14235.29,0,0,0,0
conc,dpumesh-native,1024B/1024B,closed,const,1024,1024,4,1,,5,0.032979,0.2702,114.00,169.00,230.00,,,120.88,82.67,5322.24,,,0,0
conc,tcp-envoy,1024B/1024B,closed,const,1024,1024,4,1,,5,0.062341,0.5107,64.00,66.00,68.00,139.00,218.00,63.06,53.99,4648.56,0,0,0,0
conc,tcp-direct,1024B/1024B,closed,const,1024,1024,8,1,,5,0.278107,2.2783,26.00,27.00,30.00,50.00,109.00,26.54,17.20,1409.60,0,0,0,0
conc,dpumesh-native,1024B/1024B,closed,const,1024,1024,8,1,,5,0.059115,0.4843,114.00,226.00,340.00,,,134.54,82.49,4144.40,,,0,0
conc,tcp-envoy,1024B/1024B,closed,const,1024,1024,8,1,,5,0.120635,0.9882,66.00,68.00,71.00,139.00,172.00,65.05,54.17,3592.86,0,0,0,0
conc,tcp-direct,1024B/1024B,closed,const,1024,1024,16,1,,5,0.484471,3.9688,30.00,30.00,33.00,67.00,120.00,30.01,19.96,3721.07,0,0,0,0
conc,dpumesh-native,1024B/1024B,closed,const,1024,1024,16,1,,5,0.126444,1.0358,115.00,171.00,283.00,,,125.11,85.70,4475.16,,,0,0
conc,tcp-envoy,1024B/1024B,closed,const,1024,1024,16,1,,5,0.209033,1.7124,74.00,76.00,79.00,159.00,263.00,74.83,63.48,13607.79,0,0,0,0
conc,tcp-direct,1024B/1024B,closed,const,1024,1024,32,1,,5,0.817329,6.6956,34.00,35.00,38.00,86.00,129.00,34.48,24.91,2213.42,0,0,0,0
conc,dpumesh-native,1024B/1024B,closed,const,1024,1024,32,1,,5,0.260695,2.1356,117.00,133.00,176.00,,,120.84,76.45,3272.35,,,0,0
conc,tcp-envoy,1024B/1024B,closed,const,1024,1024,32,1,,5,0.366869,3.0054,83.00,87.00,90.00,167.00,392.00,84.58,77.79,11221.44,0,0,0,0
conc,tcp-direct,1024B/1024B,closed,const,1024,1024,64,1,,5,1.128993,9.2487,46.00,50.00,51.00,103.00,138.00,43.89,11.51,1726.16,0,0,0,0
conc,dpumesh-native,1024B/1024B,closed,const,1024,1024,64,1,,5,0.438978,3.5961,125.00,184.00,189.00,,,141.82,70.66,15737.57,,,0,0
conc,tcp-envoy,1024B/1024B,closed,const,1024,1024,64,1,,5,0.481253,3.9424,123.00,130.00,145.00,241.00,452.00,125.97,81.64,1955.96,0,0,0,0
bw,tcp-envoy,64B/8B,closed,const,64,8,32,1,,1,0.495206,0.2535,63.00,64.00,67.00,143.00,184.00,63.00,52.63,3246.48,0,0,0,0
bw,tcp-direct,64B/8B,closed,const,64,8,32,1,,1,1.197066,0.6129,24.00,25.00,28.00,52.00,111.00,24.54,16.21,3882.17,0,0,0,0
bw,dpumesh-native,64B/8B,closed,const,64,8,32,1,,1,0.243849,0.1249,117.00,228.00,346.00,,,128.69,88.41,4332.17,,,0,0
bw,tcp-envoy,1024B/8B,closed,const,1024,8,32,1,,1,0.408031,3.3426,77.00,79.00,83.00,168.00,261.00,76.77,66.89,3921.80,0,0,0,0
bw,tcp-direct,1024B/8B,closed,const,1024,8,32,1,,1,0.920964,7.5445,32.00,35.00,36.00,77.00,127.00,32.64,11.41,881.87,0,0,0,0
bw,dpumesh-native,1024B/8B,closed,const,1024,8,32,1,,1,0.234065,1.9175,118.00,232.00,404.00,,,134.34,64.04,5471.09,,,0,0
bw,tcp-envoy,8192B/8B,closed,const,8192,8,32,1,,1,0.165258,10.8303,195.00,214.00,386.00,492.00,995.00,192.04,98.21,12450.39,0,0,0,0
bw,tcp-direct,8192B/8B,closed,const,8192,8,32,1,,1,0.476022,31.1966,73.00,90.00,93.00,143.00,185.00,60.55,21.87,499.91,0,0,0,0
bw,dpumesh-native,8192B/8B,closed,const,8192,8,32,1,,1,0.178867,11.7223,185.00,196.00,247.00,,,172.82,64.55,3484.61,,,0,0
bw,tcp-envoy,65536B/8B,closed,const,65536,8,32,1,,1,0.022900,12.0059,1511.00,1783.00,1836.00,2360.00,162087.00,1395.22,436.48,162087.16,0,0,0,0
bw,tcp-direct,65536B/8B,closed,const,65536,8,32,1,,1,0.065099,34.1305,462.00,753.00,941.00,969.00,1040.00,482.64,187.04,2191.11,0,0,0,0
bw,dpumesh-native,65536B/8B,closed,const,65536,8,32,1,,1,0.016139,8.4616,240.00,255.00,309.00,,,232.76,116.85,5825.04,,,0,0
bw,tcp-envoy,524288B/8B,closed,const,524288,8,32,1,,1,0.003330,13.9654,7258.00,7910.00,9673.00,10316.00,11434.00,6912.53,3562.81,12287.39,0,0,0,0
bw,tcp-direct,524288B/8B,closed,const,524288,8,32,1,,1,0.007333,30.7576,4226.00,4308.00,8479.00,8554.00,9091.00,4358.94,3015.86,10869.95,0,0,0,0
bw,dpumesh-native,524288B/8B,closed,const,524288,8,32,1,,1,0.003179,13.3338,454.00,557.00,685.00,,,487.67,368.21,14475.74,,,0,0
bw,tcp-envoy,1048576B/8B,closed,const,1048576,8,32,1,,1,0.001725,14.4695,7006.00,7840.00,9366.00,9986.00,11835.00,6787.94,3422.79,11927.48,0,0,0,0
bw,tcp-direct,1048576B/8B,closed,const,1048576,8,32,1,,1,0.003657,30.6758,8480.00,8651.00,17015.00,17183.00,18959.00,8740.20,2961.26,19209.39,0,0,0,0
bw,dpumesh-native,1048576B/8B,closed,const,1048576,8,32,1,,1,0.001670,14.0058,761.00,822.00,930.00,,,763.06,640.55,3143.82,,,0,0
bw,tcp-direct,64B/8B,closed,const,64,8,32,1,,2,1.270952,0.6507,24.00,25.00,27.00,49.00,108.00,23.08,16.21,3775.15,0,0,0,0
bw,dpumesh-native,64B/8B,closed,const,64,8,32,1,,2,0.252285,0.1292,116.00,172.00,287.00,,,124.24,86.82,4291.24,,,0,0
bw,tcp-envoy,64B/8B,closed,const,64,8,32,1,,2,0.499307,0.2556,63.00,65.00,68.00,144.00,277.00,62.48,52.54,2729.65,0,0,0,0
bw,tcp-direct,1024B/8B,closed,const,1024,8,32,1,,2,0.919021,7.5286,32.00,35.00,36.00,89.00,145.00,32.72,21.75,16119.59,0,0,0,0
bw,dpumesh-native,1024B/8B,closed,const,1024,8,32,1,,2,0.255073,2.0896,118.00,137.00,236.00,,,123.26,69.97,2314.34,,,0,0
bw,tcp-envoy,1024B/8B,closed,const,1024,8,32,1,,2,0.420868,3.4477,74.00,76.00,80.00,161.00,385.00,74.38,66.47,4871.96,0,0,0,0
bw,tcp-direct,8192B/8B,closed,const,8192,8,32,1,,2,0.478456,31.3561,72.00,90.00,93.00,145.00,185.00,60.31,21.94,441.63,0,0,0,0
bw,dpumesh-native,8192B/8B,closed,const,8192,8,32,1,,2,0.178718,11.7125,185.00,196.00,247.00,,,173.04,62.16,13705.73,,,0,0
bw,tcp-envoy,8192B/8B,closed,const,8192,8,32,1,,2,0.157979,10.3533,195.00,209.00,407.00,493.00,1142.00,200.95,90.13,15928.69,0,0,0,0
bw,tcp-direct,65536B/8B,closed,const,65536,8,32,1,,2,0.065383,34.2794,463.00,526.00,940.00,960.00,1092.00,480.58,188.36,1561.82,0,0,0,0
bw,dpumesh-native,65536B/8B,closed,const,65536,8,32,1,,2,0.016147,8.4659,240.00,250.00,302.00,,,230.26,116.75,2374.20,,,0,0
bw,tcp-envoy,65536B/8B,closed,const,65536,8,32,1,,2,0.023864,12.5118,1501.00,1772.00,1820.00,1997.00,5130.00,1338.82,478.75,5130.16,0,0,0,0
bw,tcp-direct,524288B/8B,closed,const,524288,8,32,1,,2,0.007379,30.9515,4200.00,4281.00,8425.00,8499.00,8593.00,4330.35,2652.87,10658.24,0,0,0,0
bw,dpumesh-native,524288B/8B,closed,const,524288,8,32,1,,2,0.003211,13.4682,457.00,510.00,555.00,,,472.35,367.43,4268.92,,,0,0
bw,tcp-envoy,524288B/8B,closed,const,524288,8,32,1,,2,0.003424,14.3608,7060.00,7864.00,9417.00,9697.00,10422.00,6830.82,3498.84,11964.87,0,0,0,0
bw,tcp-direct,1048576B/8B,closed,const,1048576,8,32,1,,2,0.003671,30.7960,8438.00,8630.00,16934.00,17128.00,18372.00,8704.84,4838.62,19021.61,0,0,0,0
bw,dpumesh-native,1048576B/8B,closed,const,1048576,8,32,1,,2,0.001674,14.0385,760.00,815.00,831.00,,,759.80,657.74,18681.41,,,0,0
bw,tcp-envoy,1048576B/8B,closed,const,1048576,8,32,1,,2,0.001651,13.8501,7258.00,7997.00,9724.00,10034.00,10699.00,6893.84,3519.28,11781.35,0,0,0,0
bw,dpumesh-native,64B/8B,closed,const,64,8,32,1,,3,0.255952,0.1310,117.00,170.00,235.00,,,122.43,91.10,3849.77,,,0,0
bw,tcp-envoy,64B/8B,closed,const,64,8,32,1,,3,0.498414,0.2552,60.00,63.00,66.00,140.00,255.00,62.60,53.13,176073.06,0,0,0,0
bw,tcp-direct,64B/8B,closed,const,64,8,32,1,,3,1.323404,0.6776,20.00,24.00,27.00,50.00,104.00,22.10,14.57,1231.20,0,0,0,0
bw,dpumesh-native,1024B/8B,closed,const,1024,8,32,1,,3,0.246509,2.0194,118.00,177.00,341.00,,,127.37,66.52,4548.13,,,0,0
bw,tcp-envoy,1024B/8B,closed,const,1024,8,32,1,,3,0.415383,3.4028,74.00,76.00,81.00,165.00,286.00,75.40,67.00,3242.84,0,0,0,0
bw,tcp-direct,1024B/8B,closed,const,1024,8,32,1,,3,0.940783,7.7069,31.00,34.00,36.00,85.00,137.00,31.95,22.69,3379.19,0,0,0,0
bw,dpumesh-native,8192B/8B,closed,const,8192,8,32,1,,3,0.180335,11.8184,185.00,195.00,247.00,,,171.44,61.82,16514.23,,,0,0
bw,tcp-envoy,8192B/8B,closed,const,8192,8,32,1,,3,0.159462,10.4505,194.00,208.00,396.00,499.00,1001.00,199.06,93.38,4193.73,0,0,0,0
bw,tcp-direct,8192B/8B,closed,const,8192,8,32,1,,3,0.475707,31.1759,71.00,89.00,93.00,149.00,220.00,60.82,21.75,2365.26,0,0,0,0
bw,dpumesh-native,65536B/8B,closed,const,65536,8,32,1,,3,0.016194,8.4905,238.00,294.00,304.00,,,228.13,116.78,6452.78,,,0,0
bw,tcp-envoy,65536B/8B,closed,const,65536,8,32,1,,3,0.023186,12.1560,1509.00,1779.00,1831.00,1962.00,3457.00,1378.06,403.03,3457.70,0,0,0,0
bw,tcp-direct,65536B/8B,closed,const,65536,8,32,1,,3,0.062977,33.0179,486.00,656.00,987.00,1020.00,1334.00,498.76,190.20,3023.21,0,0,0,0
bw,dpumesh-native,524288B/8B,closed,const,524288,8,32,1,,3,0.003253,13.6440,449.00,511.00,616.00,,,466.18,359.18,4142.12,,,0,0
bw,tcp-envoy,524288B/8B,closed,const,524288,8,32,1,,3,0.003284,13.7728,7315.00,8002.00,9796.00,12252.00,15584.00,6968.83,3762.28,16593.13,0,0,0,0
bw,tcp-direct,524288B/8B,closed,const,524288,8,32,1,,3,0.007389,30.9920,4195.00,4275.00,8416.00,8491.00,8573.00,4325.56,3102.44,10609.12,0,0,0,0
bw,dpumesh-native,1048576B/8B,closed,const,1048576,8,32,1,,3,0.001660,13.9274,763.00,824.00,837.00,,,768.75,669.63,5343.85,,,0,0
bw,tcp-envoy,1048576B/8B,closed,const,1048576,8,32,1,,3,0.001656,13.8939,7241.00,7997.00,9729.00,10014.00,12380.00,6895.90,3691.62,12380.18,0,0,0,0
bw,tcp-direct,1048576B/8B,closed,const,1048576,8,32,1,,3,0.003562,29.8762,8695.00,8919.00,17452.00,17668.00,19348.00,8978.62,7680.27,19717.10,0,0,0,0
bw,tcp-envoy,64B/8B,closed,const,64,8,32,1,,4,0.512390,0.2623,60.00,64.00,67.00,139.00,175.00,60.84,49.82,4652.33,0,0,0,0
bw,tcp-direct,64B/8B,closed,const,64,8,32,1,,4,1.308842,0.6701,21.00,25.00,26.00,52.00,104.00,22.35,16.51,3914.51,0,0,0,0
bw,dpumesh-native,64B/8B,closed,const,64,8,32,1,,4,0.250852,0.1284,117.00,173.00,288.00,,,124.86,88.16,17947.44,,,0,0
bw,tcp-envoy,1024B/8B,closed,const,1024,8,32,1,,4,0.430165,3.5239,71.00,77.00,80.00,162.00,223.00,72.76,63.76,4532.50,0,0,0,0
bw,tcp-direct,1024B/8B,closed,const,1024,8,32,1,,4,0.921998,7.5530,32.00,35.00,36.00,79.00,128.00,32.61,22.93,2097.27,0,0,0,0
bw,dpumesh-native,1024B/8B,closed,const,1024,8,32,1,,4,0.253220,2.0744,117.00,156.00,289.00,,,124.18,67.14,4144.18,,,0,0
bw,tcp-envoy,8192B/8B,closed,const,8192,8,32,1,,4,0.159738,10.4686,195.00,212.00,405.00,498.00,1114.00,198.68,88.63,4468.87,0,0,0,0
bw,tcp-direct,8192B/8B,closed,const,8192,8,32,1,,4,0.475558,31.1662,73.00,90.00,94.00,145.00,188.00,60.61,21.77,2414.85,0,0,0,0
bw,dpumesh-native,8192B/8B,closed,const,8192,8,32,1,,4,0.179025,11.7326,185.00,197.00,302.00,,,172.10,62.18,7863.36,,,0,0
bw,tcp-envoy,65536B/8B,closed,const,65536,8,32,1,,4,0.023934,12.5482,1500.00,1776.00,1826.00,2128.00,13273.00,1334.85,482.67,13273.97,0,0,0,0
bw,tcp-direct,65536B/8B,closed,const,65536,8,32,1,,4,0.064764,33.9552,467.00,509.00,950.00,972.00,1048.00,485.18,185.76,1524.12,0,0,0,0
bw,dpumesh-native,65536B/8B,closed,const,65536,8,32,1,,4,0.016079,8.4299,239.00,252.00,362.00,,,229.53,116.86,4660.88,,,0,0
bw,tcp-envoy,524288B/8B,closed,const,524288,8,32,1,,4,0.003432,14.3930,7044.00,7793.00,9401.00,10132.00,11778.00,6822.93,3484.90,11856.88,0,0,0,0
bw,tcp-direct,524288B/8B,closed,const,524288,8,32,1,,4,0.007369,30.9089,4204.00,4291.00,8438.00,8526.00,9070.00,4337.55,2723.73,10613.09,0,0,0,0
bw,dpumesh-native,524288B/8B,closed,const,524288,8,32,1,,4,0.003207,13.4507,465.00,512.00,558.00,,,473.62,370.06,4454.08,,,0,0
bw,tcp-envoy,1048576B/8B,closed,const,1048576,8,32,1,,4,0.001729,14.5071,6987.00,7705.00,9322.00,9763.00,11872.00,6768.03,3650.88,11914.26,0,0,0,0
bw,tcp-direct,1048576B/8B,closed,const,1048576,8,32,1,,4,0.003693,30.9758,8387.00,8588.00,16838.00,17032.00,18514.00,8655.16,4779.91,18824.90,0,0,0,0
bw,dpumesh-native,1048576B/8B,closed,const,1048576,8,32,1,,4,0.001689,14.1691,756.00,821.00,935.00,,,756.58,634.72,15752.61,,,0,0
bw,tcp-direct,64B/8B,closed,const,64,8,32,1,,5,1.374650,0.7038,21.00,21.00,25.00,44.00,95.00,21.20,15.58,343.14,0,0,0,0
bw,dpumesh-native,64B/8B,closed,const,64,8,32,1,,5,0.246842,0.1264,117.00,227.00,342.00,,,127.10,89.52,4654.09,,,0,0
bw,tcp-envoy,64B/8B,closed,const,64,8,32,1,,5,0.539432,0.2762,57.00,58.00,62.00,134.00,296.00,57.71,49.36,5555.10,0,0,0,0
bw,tcp-direct,1024B/8B,closed,const,1024,8,32,1,,5,0.934730,7.6573,31.00,34.00,36.00,83.00,136.00,32.19,21.66,2843.84,0,0,0,0
bw,dpumesh-native,1024B/8B,closed,const,1024,8,32,1,,5,0.240458,1.9698,118.00,229.00,345.00,,,130.51,68.41,5158.39,,,0,0
bw,tcp-envoy,1024B/8B,closed,const,1024,8,32,1,,5,0.429762,3.5206,72.00,75.00,78.00,159.00,254.00,72.81,64.80,5306.72,0,0,0,0
bw,tcp-direct,8192B/8B,closed,const,8192,8,32,1,,5,0.480001,31.4573,72.00,89.00,93.00,146.00,183.00,60.32,21.99,1031.78,0,0,0,0
bw,dpumesh-native,8192B/8B,closed,const,8192,8,32,1,,5,0.181526,11.8965,184.00,194.00,246.00,,,170.36,63.06,14220.19,,,0,0
bw,tcp-envoy,8192B/8B,closed,const,8192,8,32,1,,5,0.158171,10.3659,202.00,213.00,414.00,506.00,607.00,200.61,90.25,3549.53,0,0,0,0
bw,tcp-direct,65536B/8B,closed,const,65536,8,32,1,,5,0.066654,34.9460,446.00,783.00,920.00,947.00,1054.00,470.77,183.90,1527.08,0,0,0,0
bw,dpumesh-native,65536B/8B,closed,const,65536,8,32,1,,5,0.016205,8.4963,239.00,250.00,301.00,,,228.73,117.12,1906.53,,,0,0
bw,tcp-envoy,65536B/8B,closed,const,65536,8,32,1,,5,0.023352,12.2432,1509.00,1779.00,1821.00,2051.00,3568.00,1368.21,475.76,3568.30,0,0,0,0
bw,tcp-direct,524288B/8B,closed,const,524288,8,32,1,,5,0.007248,30.4014,4243.00,4545.00,8536.00,8997.00,13614.00,4408.46,1279.18,16248.37,0,0,0,0
bw,dpumesh-native,524288B/8B,closed,const,524288,8,32,1,,5,0.003224,13.5239,457.00,511.00,567.00,,,471.48,357.06,3001.74,,,0,0
bw,tcp-envoy,524288B/8B,closed,const,524288,8,32,1,,5,0.003429,14.3822,7058.00,7992.00,9421.00,9889.00,11679.00,6848.11,3508.96,11825.94,0,0,0,0
bw,tcp-direct,1048576B/8B,closed,const,1048576,8,32,1,,5,0.003692,30.9736,8389.00,8568.00,16834.00,17019.00,18918.00,8657.59,6502.63,19058.50,0,0,0,0
bw,dpumesh-native,1048576B/8B,closed,const,1048576,8,32,1,,5,0.001673,14.0314,760.00,824.00,940.00,,,764.20,643.80,3524.20,,,0,0
bw,tcp-envoy,1048576B/8B,closed,const,1048576,8,32,1,,5,0.001724,14.4627,7016.00,7694.00,9381.00,9815.00,11838.00,6772.78,3484.92,11960.73,0,0,0,0
