config,frame,threads,conc,rep,achieved,p50_us,p99_us,p999_us,avg_us,fail,client_core,server_core,dpu_arm_cores,window_s
grpc-envoy-permissive,64,8,1,1,37403.0,207.00,344.00,514.00,213.75,0,3.6334,3.7685,NA,6.0249
grpc-envoy-permissive,64,8,2,1,55703.0,274.00,537.00,755.00,287.12,0,4.4672,4.7782,NA,6.0248
grpc-envoy-permissive,64,8,4,1,64880.0,404.00,1939.00,3277.00,493.09,0,4.1817,4.8861,NA,6.0246
grpc-envoy-permissive,64,8,8,1,77258.0,678.00,2877.00,4168.00,828.30,0,4.0585,5.0035,NA,6.0251
grpc-envoy-permissive,64,8,16,1,94375.0,1183.00,3831.00,5304.00,1356.24,0,4.1111,5.2124,NA,6.0239
grpc-envoy-permissive,64,8,32,1,111701.0,2102.00,5436.00,7072.00,2291.62,0,4.1518,5.3547,NA,6.0253
grpc-envoy-permissive,1024,8,1,1,36114.0,214.00,366.00,549.00,221.37,0,3.5538,3.6797,NA,6.0233
grpc-envoy-permissive,1024,8,2,1,53073.0,287.00,570.00,825.00,301.35,0,4.3435,4.7644,NA,6.0256
grpc-envoy-permissive,1024,8,4,1,61837.0,420.00,2134.00,3531.00,517.38,0,4.1490,4.8937,NA,6.0262
grpc-envoy-permissive,1024,8,8,1,73966.0,690.00,3265.00,5065.00,865.16,0,4.0644,4.9932,NA,6.0264
grpc-envoy-permissive,1024,8,16,1,91135.0,1210.00,4084.00,5625.00,1404.25,0,4.1041,5.1888,NA,6.0266
grpc-envoy-permissive,1024,8,32,1,109581.0,2142.00,5486.00,7048.00,2336.07,0,4.2049,5.3846,NA,6.0260
grpc-envoy-permissive,8192,8,1,1,33507.0,233.00,352.00,422.00,238.63,0,3.6931,3.8903,NA,6.0261
grpc-envoy-permissive,8192,8,2,1,47845.0,320.00,605.00,875.00,334.31,0,4.3280,4.6563,NA,6.0257
grpc-envoy-permissive,8192,8,4,1,55972.0,474.00,2251.00,3766.00,571.62,0,4.2696,4.9003,NA,6.0258
grpc-envoy-permissive,8192,8,8,1,65995.0,789.00,3462.00,4947.00,969.67,0,4.1215,5.0321,NA,6.0267
grpc-envoy-permissive,8192,8,16,1,80952.0,1390.00,4378.00,5966.00,1581.05,0,4.1963,5.2113,NA,6.0202
grpc-envoy-permissive,8192,8,32,1,95322.0,2509.00,5991.00,7666.00,2685.78,0,4.3192,5.3776,NA,6.0086
grpc-envoy-strict,64,8,1,1,35890.0,216.00,358.00,522.00,222.76,0,3.5978,3.7796,NA,6.0156
grpc-envoy-strict,64,8,2,1,54098.0,283.00,531.00,717.00,295.64,0,4.4198,4.7750,NA,6.0340
grpc-envoy-strict,64,8,4,1,63908.0,415.00,1916.00,3283.00,500.61,0,4.1997,4.9372,NA,6.0252
grpc-envoy-strict,64,8,8,1,76227.0,696.00,2814.00,4139.00,839.50,0,4.0630,5.0795,NA,6.0428
grpc-envoy-strict,64,8,16,1,92419.0,1208.00,3860.00,5410.00,1384.83,0,4.0941,5.2037,NA,6.0084
grpc-envoy-strict,64,8,32,1,110980.0,2122.00,5381.00,7084.00,2306.65,0,4.1686,5.3841,NA,6.0358
grpc-envoy-strict,1024,8,1,1,35046.0,221.00,355.00,508.00,228.13,0,3.6037,3.8221,NA,6.0186
grpc-envoy-strict,1024,8,2,1,51522.0,296.00,568.00,778.00,310.43,0,4.3355,4.8049,NA,6.0466
grpc-envoy-strict,1024,8,4,1,60573.0,432.00,2121.00,3455.00,528.18,0,4.1921,4.9354,NA,6.0468
grpc-envoy-strict,1024,8,8,1,72711.0,711.00,3193.00,4952.00,880.10,0,4.1126,5.0450,NA,6.0463
grpc-envoy-strict,1024,8,16,1,88918.0,1246.00,4176.00,5798.00,1439.22,0,4.1031,5.2068,NA,6.0247
grpc-envoy-strict,1024,8,32,1,107245.0,2193.00,5557.00,7386.00,2386.79,0,4.2121,5.3794,NA,6.0196
grpc-envoy-strict,8192,8,1,1,31100.0,251.00,377.00,442.00,257.12,0,3.6698,3.9121,NA,6.0276
grpc-envoy-strict,8192,8,2,1,44651.0,344.00,624.00,811.00,358.23,0,4.3286,4.8164,NA,6.0169
grpc-envoy-strict,8192,8,4,1,53332.0,518.00,2146.00,3607.00,599.93,0,4.3225,5.0538,NA,6.0322
grpc-envoy-strict,8192,8,8,1,62261.0,867.00,3421.00,4925.00,1027.81,0,4.2352,5.1477,NA,6.0158
grpc-envoy-strict,8192,8,16,1,74468.0,1545.00,4548.00,6167.00,1718.70,0,4.3479,5.2732,NA,6.1198
grpc-envoy-strict,8192,8,32,1,86101.0,2789.00,6476.00,8352.00,2972.97,0,4.4431,5.4353,NA,6.0396
grpc-tcp,64,8,1,1,52707.0,155.00,233.00,411.00,151.64,0,3.4947,3.0553,NA,6.0322
grpc-tcp,64,8,2,1,71982.0,196.00,735.00,1497.00,222.16,0,4.1780,4.5530,NA,6.0151
grpc-tcp,64,8,4,1,85761.0,318.00,1428.00,2672.00,373.01,0,4.1668,4.8893,NA,6.0640
grpc-tcp,64,8,8,1,101785.0,550.00,2116.00,3406.00,628.69,0,4.2474,5.1263,NA,6.0147
grpc-tcp,64,8,16,1,116978.0,998.00,2942.00,4448.00,1094.09,0,4.2985,5.2650,NA,6.0271
grpc-tcp,64,8,32,1,121122.0,1975.00,4928.00,6959.00,2113.40,0,4.0290,5.1166,NA,6.0382
grpc-tcp,1024,8,1,1,51771.0,156.00,251.00,461.00,154.37,0,3.4417,3.1643,NA,6.0533
grpc-tcp,1024,8,2,1,0.0,,,,,,4.0285,4.4571,NA,6.0097
grpc-tcp,1024,8,4,1,75844.0,354.00,1602.00,3120.00,421.79,0,4.7924,4.5963,NA,6.0254
grpc-tcp,1024,8,8,1,93592.0,590.00,2399.00,4125.00,683.70,0,5.0201,4.8850,NA,6.0271
grpc-tcp,1024,8,16,1,110683.0,1048.00,3221.00,4819.00,1156.39,0,5.0562,5.0965,NA,6.0110
grpc-tcp,1024,8,32,1,118651.0,1994.00,5107.00,7392.00,2157.42,0,4.6767,5.0845,NA,6.0142
grpc-tcp,8192,8,1,1,39983.0,178.00,494.00,664.00,199.97,0,3.5424,3.1261,NA,6.0461
grpc-tcp,8192,8,2,1,55527.0,248.00,847.00,1593.00,288.03,0,4.4395,4.1595,NA,6.0278
grpc-tcp,8192,8,4,1,69268.0,388.00,1759.00,3347.00,461.86,0,4.8009,4.6123,NA,6.0522
grpc-tcp,8192,8,8,1,85024.0,648.00,2703.00,4703.00,752.63,0,5.0774,4.8704,NA,6.0178
grpc-tcp,8192,8,16,1,101867.0,1137.00,3490.00,5305.00,1256.33,0,5.1058,5.1371,NA,6.0448
grpc-tcp,8192,8,32,1,108600.0,2210.00,5243.00,7340.00,2357.32,0,4.8260,5.1569,NA,6.0157
grpc-dpumesh,64,8,1,1,29851.0,232.00,651.00,908.00,267.87,0,1.8113,1.6480,2.2752,6.0495
grpc-dpumesh,64,8,2,1,73015.0,214.00,335.00,476.00,219.00,0,3.1957,3.6920,3.7527,6.0762
grpc-dpumesh,64,8,4,1,107129.0,287.00,514.00,915.00,298.59,0,3.9520,4.9212,4.1719,6.0249
grpc-dpumesh,64,8,8,1,118927.0,475.00,1844.00,3215.00,538.03,0,3.9229,5.1149,3.7615,6.0134
grpc-dpumesh,64,8,16,1,126052.0,918.00,2913.00,4706.00,1015.37,0,3.8067,5.1469,3.2690,6.0295
grpc-dpumesh,64,8,32,1,130309.0,1832.00,4695.00,8041.00,1964.42,0,3.6665,5.0639,2.7532,6.0396
grpc-dpumesh,1024,8,1,1,29809.0,233.00,646.00,866.00,268.23,0,1.8216,1.6219,2.2889,6.0848
grpc-dpumesh,1024,8,2,1,72194.0,217.00,347.00,479.00,221.49,0,3.2449,3.7072,3.5921,6.0455
grpc-dpumesh,1024,8,4,1,103106.0,295.00,544.00,1569.00,310.24,0,3.9300,4.8654,4.1452,6.0159
grpc-dpumesh,1024,8,8,1,117746.0,485.00,1714.00,3288.00,543.43,0,3.9742,5.1373,3.6770,6.0252
grpc-dpumesh,1024,8,16,1,124263.0,961.00,2304.00,4283.00,1029.95,0,3.8805,5.2700,3.2930,6.0273
grpc-dpumesh,1024,8,32,1,129588.0,1836.00,4878.00,7544.00,1975.34,0,3.7318,5.1060,2.8048,6.0377
grpc-dpumesh,8192,8,1,1,32052.0,236.00,477.00,667.00,249.46,0,2.0586,2.0876,3.3045,6.0207
grpc-dpumesh,8192,8,2,1,63681.0,245.00,382.00,536.00,251.14,0,3.1277,3.8187,3.1745,6.0440
grpc-dpumesh,8192,8,4,1,94905.0,322.00,577.00,1655.00,337.07,0,4.0294,4.9587,4.3828,6.0356
grpc-dpumesh,8192,8,8,1,107702.0,535.00,1809.00,3298.00,594.13,0,4.0797,5.1955,4.1039,6.0386
grpc-dpumesh,8192,8,16,1,116074.0,1021.00,2618.00,4093.00,1102.64,0,4.0595,5.2687,3.7101,6.0613
grpc-dpumesh,8192,8,32,1,121267.0,1984.00,4640.00,7126.00,2110.89,0,3.9519,5.1978,3.2727,6.0568
