run_id,stage,sequence,config,frame_bytes,offered_rps,duration_s,achieved_rps,p50_us,p99_us,scheduled,admission_drops,pending,fail,overflow,reorder,achieved_ratio,schedule_ratio,admission_drop_ratio,client_busy_cores,server_busy_cores,host_busy_cores,host_core_budget,dpu_arm_cores,tx_grow_waits,clean,reason,raw_result
scout-64-grpc-tcp-pilot1-v1,pilot,1,grpc-tcp,64,5000,2,4998.000,134.00,441.00,10000,0,0,0,0,0,0.999600,1.000000,0.000000,0.218175,0.209815,0.427990,2,NA,0,1,clean,/home/jukebox/DPUmesh/integrations/linkerd/bench/report/data/linkerd-20260810/open/raw/scout-64-grpc-tcp-pilot1-v1.result.attempt1.txt
scout-64-grpc-tcp-pilot2-v1,pilot,2,grpc-tcp,64,6750,2,6748.000,134.00,172.00,13500,0,0,0,0,0,0.999704,1.000000,0.000000,0.299598,0.274278,0.573876,2,NA,0,1,clean,/home/jukebox/DPUmesh/integrations/linkerd/bench/report/data/linkerd-20260810/open/raw/scout-64-grpc-tcp-pilot2-v1.result.attempt1.txt
scout-64-grpc-tcp-pilot3-v1,pilot,3,grpc-tcp,64,9113,2,9110.000,134.00,516.00,18226,0,0,0,0,0,0.999671,1.000000,0.000000,0.402144,0.372734,0.774878,2,NA,0,1,clean,/home/jukebox/DPUmesh/integrations/linkerd/bench/report/data/linkerd-20260810/open/raw/scout-64-grpc-tcp-pilot3-v1.result.attempt1.txt
scout-64-grpc-tcp-pilot4-v1,pilot,4,grpc-tcp,64,12303,2,12301.000,157.00,199.00,24606,0,0,0,0,0,0.999837,1.000000,0.000000,0.540930,0.494657,1.035587,2,NA,0,1,clean,/home/jukebox/DPUmesh/integrations/linkerd/bench/report/data/linkerd-20260810/open/raw/scout-64-grpc-tcp-pilot4-v1.result.attempt1.txt
scout-64-grpc-tcp-pilot5-v1,pilot,5,grpc-tcp,64,16609,2,16606.000,162.00,310.00,33218,0,0,0,0,0,0.999819,1.000000,0.000000,0.737785,0.707416,1.445201,2,NA,0,1,clean,/home/jukebox/DPUmesh/integrations/linkerd/bench/report/data/linkerd-20260810/open/raw/scout-64-grpc-tcp-pilot5-v1.result.attempt1.txt
scout-64-grpc-tcp-pilot6-v1,pilot,6,grpc-tcp,64,22422,2,22421.000,560.00,1115.00,44838,0,0,0,0,0,0.999955,0.999866,0.000000,0.889821,0.786727,1.676548,2,NA,0,1,clean,/home/jukebox/DPUmesh/integrations/linkerd/bench/report/data/linkerd-20260810/open/raw/scout-64-grpc-tcp-pilot6-v1.result.attempt1.txt
scout-64-grpc-tcp-pilot7-v1,pilot,7,grpc-tcp,64,30270,2,30516.000,2478.00,33903.00,60503,0,0,0,0,0,1.008127,0.999389,0.000000,0.965638,0.931485,1.897123,2,NA,0,1,clean,/home/jukebox/DPUmesh/integrations/linkerd/bench/report/data/linkerd-20260810/open/raw/scout-64-grpc-tcp-pilot7-v1.result.attempt1.txt
scout-64-grpc-tcp-pilot8-v1,pilot,8,grpc-tcp,64,40865,2,31633.000,474056.00,632336.00,70302,0,0,0,0,0,0.774085,0.860174,0.000000,0.981919,0.977893,1.959812,2,NA,0,0,achieved+scheduler,/home/jukebox/DPUmesh/integrations/linkerd/bench/report/data/linkerd-20260810/open/raw/scout-64-grpc-tcp-pilot8-v1.result.attempt1.txt
scout-64-grpc-tcp-validate8-v1,validate,8,grpc-tcp,64,40865,10,25401.000,3870478.23,3870478.23,390988,0,0,0,150942,0,0.621583,0.956780,0.000000,0.996004,0.996385,1.992389,2,NA,0,0,overflow+achieved+scheduler,/home/jukebox/DPUmesh/integrations/linkerd/bench/report/data/linkerd-20260810/open/raw/scout-64-grpc-tcp-validate8-v1.result.attempt1.txt
scout-64-grpc-tcp-validate8-v2,validate,8,grpc-tcp,64,40865,10,26281.000,3703491.81,3703491.81,372562,0,0,0,153853,0,0.643118,0.911690,0.000000,0.996439,0.996414,1.992853,2,NA,0,0,overflow+achieved+scheduler,/home/jukebox/DPUmesh/integrations/linkerd/bench/report/data/linkerd-20260810/open/raw/scout-64-grpc-tcp-validate8-v2.result.attempt1.txt
scout-64-grpc-tcp-backtrack7-v1,backtrack,7,grpc-tcp,64,30270,10,30332.000,2265.00,26800.00,302691,0,0,0,0,0,1.002048,0.999970,0.000000,0.973128,0.938745,1.911873,2,NA,0,1,clean,/home/jukebox/DPUmesh/integrations/linkerd/bench/report/data/linkerd-20260810/open/raw/scout-64-grpc-tcp-backtrack7-v1.result.attempt1.txt
scout-64-grpc-tcp-backtrack7-v2,backtrack,7,grpc-tcp,64,30270,10,30293.000,2183.00,10316.00,302697,0,0,0,0,0,1.000760,0.999990,0.000000,0.972297,0.937573,1.909870,2,NA,0,1,clean,/home/jukebox/DPUmesh/integrations/linkerd/bench/report/data/linkerd-20260810/open/raw/scout-64-grpc-tcp-backtrack7-v2.result.attempt1.txt
scout-64-grpc-tcp-refine1-v1,refine,1,grpc-tcp,64,35171,10,27179.000,778312.00,2372413.65,349726,0,0,0,102822,0,0.772767,0.994359,0.000000,0.995573,0.995723,1.991296,2,NA,0,0,overflow+achieved,/home/jukebox/DPUmesh/integrations/linkerd/bench/report/data/linkerd-20260810/open/raw/scout-64-grpc-tcp-refine1-v1.result.attempt1.txt
scout-64-grpc-tcp-refine1-v2,refine,1,grpc-tcp,64,35171,10,28335.000,582300.00,2082626.28,350303,0,0,0,84984,0,0.805635,0.996000,0.000000,0.996193,0.996650,1.992843,2,NA,0,0,overflow+achieved,/home/jukebox/DPUmesh/integrations/linkerd/bench/report/data/linkerd-20260810/open/raw/scout-64-grpc-tcp-refine1-v2.result.attempt1.txt
scout-64-grpc-tcp-refine2-v1,refine,2,grpc-tcp,64,32629,10,32661.000,6025.00,34245.00,326260,0,0,0,0,0,1.000981,0.999908,0.000000,0.984664,0.974915,1.959579,2,NA,0,1,clean,/home/jukebox/DPUmesh/integrations/linkerd/bench/report/data/linkerd-20260810/open/raw/scout-64-grpc-tcp-refine2-v1.result.attempt1.txt
scout-64-grpc-tcp-refine2-v2,refine,2,grpc-tcp,64,32629,10,32648.000,6065.00,24115.00,326252,0,0,0,0,0,1.000582,0.999884,0.000000,0.985096,0.975073,1.960169,2,NA,0,1,clean,/home/jukebox/DPUmesh/integrations/linkerd/bench/report/data/linkerd-20260810/open/raw/scout-64-grpc-tcp-refine2-v2.result.attempt1.txt
scout-64-grpc-tcp-refine3-v1,refine,3,grpc-tcp,64,33876,10,33893.000,19216.00,54369.00,338675,0,0,0,0,0,1.000502,0.999749,0.000000,0.992771,0.989174,1.981945,2,NA,0,1,clean,/home/jukebox/DPUmesh/integrations/linkerd/bench/report/data/linkerd-20260810/open/raw/scout-64-grpc-tcp-refine3-v1.result.attempt1.txt
scout-64-grpc-tcp-refine3-v2,refine,3,grpc-tcp,64,33876,10,33861.000,16675.00,40748.00,338640,0,0,0,0,0,0.999557,0.999646,0.000000,0.992243,0.987813,1.980056,2,NA,0,1,clean,/home/jukebox/DPUmesh/integrations/linkerd/bench/report/data/linkerd-20260810/open/raw/scout-64-grpc-tcp-refine3-v2.result.attempt1.txt
scout-64-grpc-tcp-refine4-v1,refine,4,grpc-tcp,64,34517,10,31858.000,147903.00,781907.00,344315,0,0,0,0,0,0.922965,0.997523,0.000000,0.996520,0.996163,1.992683,2,NA,0,0,achieved,/home/jukebox/DPUmesh/integrations/linkerd/bench/report/data/linkerd-20260810/open/raw/scout-64-grpc-tcp-refine4-v1.result.attempt1.txt
scout-64-grpc-tcp-refine4-v2,refine,4,grpc-tcp,64,34517,10,29468.000,554246.00,1614723.70,342003,0,0,0,80170,0,0.853724,0.990825,0.000000,0.996296,0.995943,1.992239,2,NA,0,0,overflow+achieved,/home/jukebox/DPUmesh/integrations/linkerd/bench/report/data/linkerd-20260810/open/raw/scout-64-grpc-tcp-refine4-v2.result.attempt1.txt
scout-64-grpc-dpumesh-pilot1-v1,pilot,1,grpc-dpumesh,64,5000,2,4997.000,241.00,351.00,10000,0,0,0,0,0,0.999400,1.000000,0.000000,0.180785,0.164037,0.344822,2,NA,0,1,clean,/home/jukebox/DPUmesh/integrations/linkerd/bench/report/data/linkerd-20260810/open/raw/scout-64-grpc-dpumesh-pilot1-v1.result.attempt1.txt
scout-64-grpc-dpumesh-pilot2-v1,pilot,2,grpc-dpumesh,64,6750,2,6747.000,241.00,297.00,13500,0,0,0,0,0,0.999556,1.000000,0.000000,0.238559,0.209050,0.447609,2,NA,0,1,clean,/home/jukebox/DPUmesh/integrations/linkerd/bench/report/data/linkerd-20260810/open/raw/scout-64-grpc-dpumesh-pilot2-v1.result.attempt1.txt
scout-64-grpc-dpumesh-pilot3-v1,pilot,3,grpc-dpumesh,64,9113,2,9111.000,226.00,367.00,18226,0,0,0,0,0,0.999781,1.000000,0.000000,0.294991,0.268181,0.563172,2,NA,0,1,clean,/home/jukebox/DPUmesh/integrations/linkerd/bench/report/data/linkerd-20260810/open/raw/scout-64-grpc-dpumesh-pilot3-v1.result.attempt1.txt
scout-64-grpc-dpumesh-pilot4-v1,pilot,4,grpc-dpumesh,64,12303,2,12300.000,242.00,263.00,24606,0,0,0,0,0,0.999756,1.000000,0.000000,0.386335,0.331581,0.717916,2,NA,0,1,clean,/home/jukebox/DPUmesh/integrations/linkerd/bench/report/data/linkerd-20260810/open/raw/scout-64-grpc-dpumesh-pilot4-v1.result.attempt1.txt
scout-64-grpc-dpumesh-pilot5-v1,pilot,5,grpc-dpumesh,64,16609,2,16606.000,212.00,535.00,33218,0,0,0,0,0,0.999819,1.000000,0.000000,0.531603,0.466903,0.998506,2,NA,0,1,clean,/home/jukebox/DPUmesh/integrations/linkerd/bench/report/data/linkerd-20260810/open/raw/scout-64-grpc-dpumesh-pilot5-v1.result.attempt1.txt
scout-64-grpc-dpumesh-pilot6-v1,pilot,6,grpc-dpumesh,64,22422,2,22419.000,248.00,16032.00,44844,0,0,0,0,0,0.999866,1.000000,0.000000,0.655002,0.666707,1.321709,2,NA,0,1,clean,/home/jukebox/DPUmesh/integrations/linkerd/bench/report/data/linkerd-20260810/open/raw/scout-64-grpc-dpumesh-pilot6-v1.result.attempt1.txt
scout-64-grpc-dpumesh-pilot7-v1,pilot,7,grpc-dpumesh,64,30270,2,30229.000,1329.00,266402.00,60539,0,0,0,0,0,0.998646,0.999983,0.000000,0.923726,0.848075,1.771801,2,NA,0,1,clean,/home/jukebox/DPUmesh/integrations/linkerd/bench/report/data/linkerd-20260810/open/raw/scout-64-grpc-dpumesh-pilot7-v1.result.attempt1.txt
scout-64-grpc-dpumesh-pilot8-v1,pilot,8,grpc-dpumesh,64,40865,2,26991.000,271121.00,735874.00,75874,0,0,0,0,0,0.660492,0.928349,0.000000,0.978863,0.977534,1.956397,2,NA,0,0,achieved+scheduler,/home/jukebox/DPUmesh/integrations/linkerd/bench/report/data/linkerd-20260810/open/raw/scout-64-grpc-dpumesh-pilot8-v1.result.attempt1.txt
scout-64-grpc-dpumesh-validate8-v1,validate,8,grpc-dpumesh,64,40865,10,25479.000,3972165.71,3972165.71,381988,0,0,0,175701,0,0.623492,0.934756,0.000000,0.996273,0.996300,1.992573,2,1.416209,0,0,overflow+achieved+scheduler,/home/jukebox/DPUmesh/integrations/linkerd/bench/report/data/linkerd-20260810/open/raw/scout-64-grpc-dpumesh-validate8-v1.result.attempt1.txt
scout-64-grpc-dpumesh-validate8-v2,validate,8,grpc-dpumesh,64,40865,10,27309.000,3787322.26,3787322.26,381109,0,0,0,172570,0,0.668274,0.932605,0.000000,0.995998,0.996269,1.992267,2,1.441051,0,0,overflow+achieved+scheduler,/home/jukebox/DPUmesh/integrations/linkerd/bench/report/data/linkerd-20260810/open/raw/scout-64-grpc-dpumesh-validate8-v2.result.attempt1.txt
scout-64-grpc-dpumesh-backtrack7-v1,backtrack,7,grpc-dpumesh,64,30270,10,29798.000,11092.00,517669.00,302500,0,0,0,0,0,0.984407,0.999339,0.000000,0.956912,0.875514,1.832426,2,2.117574,0,1,clean,/home/jukebox/DPUmesh/integrations/linkerd/bench/report/data/linkerd-20260810/open/raw/scout-64-grpc-dpumesh-backtrack7-v1.result.attempt1.txt
scout-64-grpc-dpumesh-backtrack7-v2,backtrack,7,grpc-dpumesh,64,30270,10,27947.000,343980.00,1001772.00,301766,0,0,0,2012,0,0.923257,0.996914,0.000000,0.950385,0.996182,1.946567,2,1.584648,0,0,overflow+achieved,/home/jukebox/DPUmesh/integrations/linkerd/bench/report/data/linkerd-20260810/open/raw/scout-64-grpc-dpumesh-backtrack7-v2.result.attempt1.txt
scout-64-grpc-dpumesh-backtrack7-v3,backtrack,7,grpc-dpumesh,64,30270,10,27518.000,405752.00,3572835.84,301862,0,0,0,13301,0,0.909085,0.997232,0.000000,0.996119,0.923998,1.920117,2,1.186001,0,0,overflow+achieved,/home/jukebox/DPUmesh/integrations/linkerd/bench/report/data/linkerd-20260810/open/raw/scout-64-grpc-dpumesh-backtrack7-v3.result.attempt1.txt
scout-64-grpc-dpumesh-backtrack6-v1,backtrack,6,grpc-dpumesh,64,22422,10,22422.000,244.00,12711.00,224220,0,0,0,0,0,1.000000,1.000000,0.000000,0.657265,0.660161,1.317426,2,1.920749,0,1,clean,/home/jukebox/DPUmesh/integrations/linkerd/bench/report/data/linkerd-20260810/open/raw/scout-64-grpc-dpumesh-backtrack6-v1.result.attempt1.txt
scout-64-grpc-dpumesh-backtrack6-v2,backtrack,6,grpc-dpumesh,64,22422,10,22422.000,244.00,10925.00,224219,0,0,0,0,0,1.000000,0.999996,0.000000,0.660085,0.652258,1.312343,2,1.930580,0,1,clean,/home/jukebox/DPUmesh/integrations/linkerd/bench/report/data/linkerd-20260810/open/raw/scout-64-grpc-dpumesh-backtrack6-v2.result.attempt1.txt
scout-64-grpc-dpumesh-refine1-v1,refine,1,grpc-dpumesh,64,26052,10,26051.000,248.00,272979.00,260520,0,0,0,0,0,0.999962,1.000000,0.000000,0.791302,0.799354,1.590656,2,2.155455,0,1,clean,/home/jukebox/DPUmesh/integrations/linkerd/bench/report/data/linkerd-20260810/open/raw/scout-64-grpc-dpumesh-refine1-v1.result.attempt1.txt
scout-64-grpc-dpumesh-refine1-v2,refine,1,grpc-dpumesh,64,26052,10,26077.000,246.00,205619.00,260519,0,0,0,0,0,1.000960,0.999996,0.000000,0.803774,0.798318,1.602092,2,2.178891,0,1,clean,/home/jukebox/DPUmesh/integrations/linkerd/bench/report/data/linkerd-20260810/open/raw/scout-64-grpc-dpumesh-refine1-v2.result.attempt1.txt
scout-64-grpc-dpumesh-refine2-v1,refine,2,grpc-dpumesh,64,28082,10,28082.000,257.00,379640.00,280819,0,0,0,0,0,1.000000,0.999996,0.000000,0.864906,0.838122,1.703028,2,2.279759,0,1,clean,/home/jukebox/DPUmesh/integrations/linkerd/bench/report/data/linkerd-20260810/open/raw/scout-64-grpc-dpumesh-refine2-v1.result.attempt1.txt
scout-64-grpc-dpumesh-refine2-v2,refine,2,grpc-dpumesh,64,28082,10,25989.000,331155.00,957458.00,280489,0,0,0,250,0,0.925468,0.998821,0.000000,0.905236,0.942659,1.847895,2,1.597897,0,0,overflow+achieved,/home/jukebox/DPUmesh/integrations/linkerd/bench/report/data/linkerd-20260810/open/raw/scout-64-grpc-dpumesh-refine2-v2.result.attempt1.txt
scout-64-grpc-dpumesh-refine2-v3,refine,2,grpc-dpumesh,64,28082,10,28092.000,314.00,437261.00,280819,0,0,0,0,0,1.000356,0.999996,0.000000,0.856031,0.870566,1.726597,2,2.298239,0,1,clean,/home/jukebox/DPUmesh/integrations/linkerd/bench/report/data/linkerd-20260810/open/raw/scout-64-grpc-dpumesh-refine2-v3.result.attempt1.txt
scout-64-grpc-dpumesh-refine3-v1,refine,3,grpc-dpumesh,64,29155,10,29118.000,362.00,501971.00,291549,0,0,0,0,0,0.998731,0.999997,0.000000,0.896321,0.880366,1.776687,2,2.258184,0,1,clean,/home/jukebox/DPUmesh/integrations/linkerd/bench/report/data/linkerd-20260810/open/raw/scout-64-grpc-dpumesh-refine3-v1.result.attempt1.txt
scout-64-grpc-dpumesh-refine3-v2,refine,3,grpc-dpumesh,64,29155,10,29162.000,268.00,40497.00,291549,0,0,0,0,0,1.000240,0.999997,0.000000,0.875178,0.861327,1.736505,2,2.415173,0,1,clean,/home/jukebox/DPUmesh/integrations/linkerd/bench/report/data/linkerd-20260810/open/raw/scout-64-grpc-dpumesh-refine3-v2.result.attempt1.txt
scout-64-grpc-dpumesh-refine4-v1,refine,4,grpc-dpumesh,64,29707,10,29067.000,1092.00,166926.00,296835,0,0,0,0,0,0.978456,0.999209,0.000000,0.755891,0.740787,1.496678,2,1.859418,0,0,achieved,/home/jukebox/DPUmesh/integrations/linkerd/bench/report/data/linkerd-20260810/open/raw/scout-64-grpc-dpumesh-refine4-v1.result.attempt1.txt
scout-64-grpc-dpumesh-refine4-v2,refine,4,grpc-dpumesh,64,29707,10,27926.000,101909.00,659016.00,297069,0,0,0,0,0,0.940048,0.999997,0.000000,0.932235,0.904105,1.836340,2,1.732190,0,0,achieved,/home/jukebox/DPUmesh/integrations/linkerd/bench/report/data/linkerd-20260810/open/raw/scout-64-grpc-dpumesh-refine4-v2.result.attempt1.txt
scout-64-grpc-envoy-permissive-pilot1-v1,pilot,1,grpc-envoy-permissive,64,5000,2,4998.000,181.00,463.00,10000,0,0,0,0,0,0.999600,1.000000,0.000000,0.343569,0.316036,0.659605,2,NA,0,1,clean,/home/jukebox/DPUmesh/integrations/linkerd/bench/report/data/linkerd-20260810/open/raw/scout-64-grpc-envoy-permissive-pilot1-v1.result.attempt1.txt
scout-64-grpc-envoy-permissive-pilot2-v1,pilot,2,grpc-envoy-permissive,64,6750,2,6747.000,180.00,230.00,13500,0,0,0,0,0,0.999556,1.000000,0.000000,0.463013,0.405033,0.868046,2,NA,0,1,clean,/home/jukebox/DPUmesh/integrations/linkerd/bench/report/data/linkerd-20260810/open/raw/scout-64-grpc-envoy-permissive-pilot2-v1.result.attempt1.txt
scout-64-grpc-envoy-permissive-pilot3-v1,pilot,3,grpc-envoy-permissive,64,9113,2,9110.000,225.00,708.00,18226,0,0,0,0,0,0.999671,1.000000,0.000000,0.619776,0.583559,1.203335,2,NA,0,1,clean,/home/jukebox/DPUmesh/integrations/linkerd/bench/report/data/linkerd-20260810/open/raw/scout-64-grpc-envoy-permissive-pilot3-v1.result.attempt1.txt
scout-64-grpc-envoy-permissive-pilot4-v1,pilot,4,grpc-envoy-permissive,64,12303,2,12300.000,197.00,260.00,24606,0,0,0,0,0,0.999756,1.000000,0.000000,0.807655,0.725310,1.532965,2,NA,0,1,clean,/home/jukebox/DPUmesh/integrations/linkerd/bench/report/data/linkerd-20260810/open/raw/scout-64-grpc-envoy-permissive-pilot4-v1.result.attempt1.txt
scout-64-grpc-envoy-permissive-pilot5-v1,pilot,5,grpc-envoy-permissive,64,16609,2,16605.000,528.00,874.00,33216,0,0,0,0,0,0.999759,0.999940,0.000000,0.982101,0.927872,1.909973,2,NA,0,1,clean,/home/jukebox/DPUmesh/integrations/linkerd/bench/report/data/linkerd-20260810/open/raw/scout-64-grpc-envoy-permissive-pilot5-v1.result.attempt1.txt
scout-64-grpc-envoy-permissive-pilot6-v1,pilot,6,grpc-envoy-permissive,64,22422,2,22421.000,1135.00,1475.00,44836,0,0,0,0,0,0.999955,0.999822,0.000000,0.982037,0.939601,1.921638,2,NA,0,1,clean,/home/jukebox/DPUmesh/integrations/linkerd/bench/report/data/linkerd-20260810/open/raw/scout-64-grpc-envoy-permissive-pilot6-v1.result.attempt1.txt
scout-64-grpc-envoy-permissive-pilot7-v1,pilot,7,grpc-envoy-permissive,64,30270,2,30264.000,1582.00,2124.00,60528,0,0,0,0,0,0.999802,0.999802,0.000000,0.981871,0.921837,1.903708,2,NA,0,1,clean,/home/jukebox/DPUmesh/integrations/linkerd/bench/report/data/linkerd-20260810/open/raw/scout-64-grpc-envoy-permissive-pilot7-v1.result.attempt1.txt
scout-64-grpc-envoy-permissive-pilot8-v1,pilot,8,grpc-envoy-permissive,64,40865,2,40898.000,3485.00,5642.00,81704,0,0,0,0,0,1.000808,0.999682,0.000000,0.981508,0.930634,1.912142,2,NA,0,1,clean,/home/jukebox/DPUmesh/integrations/linkerd/bench/report/data/linkerd-20260810/open/raw/scout-64-grpc-envoy-permissive-pilot8-v1.result.attempt1.txt
scout-64-grpc-envoy-permissive-pilot9-v1,pilot,9,grpc-envoy-permissive,64,55168,2,47993.000,183089.00,305332.00,103009,0,0,0,0,0,0.869943,0.933594,0.000000,0.982426,0.957437,1.939863,2,NA,0,0,achieved+scheduler,/home/jukebox/DPUmesh/integrations/linkerd/bench/report/data/linkerd-20260810/open/raw/scout-64-grpc-envoy-permissive-pilot9-v1.result.attempt1.txt
scout-64-grpc-envoy-permissive-validate9-v1,validate,9,grpc-envoy-permissive,64,55168,10,49525.000,545619.00,1249975.51,527852,0,0,0,16748,0,0.897712,0.956808,0.000000,0.996259,0.941972,1.938231,2,NA,0,0,overflow+achieved+scheduler,/home/jukebox/DPUmesh/integrations/linkerd/bench/report/data/linkerd-20260810/open/raw/scout-64-grpc-envoy-permissive-validate9-v1.result.attempt1.txt
scout-64-grpc-envoy-permissive-validate9-v2,validate,9,grpc-envoy-permissive,64,55168,10,49592.000,546310.00,1154929.82,515747,0,0,0,7102,0,0.898927,0.934866,0.000000,0.996118,0.941892,1.938010,2,NA,0,0,overflow+achieved+scheduler,/home/jukebox/DPUmesh/integrations/linkerd/bench/report/data/linkerd-20260810/open/raw/scout-64-grpc-envoy-permissive-validate9-v2.result.attempt1.txt
scout-64-grpc-envoy-permissive-backtrack8-v1,backtrack,8,grpc-envoy-permissive,64,40865,10,40862.000,3155.00,4374.00,408648,0,0,0,0,0,0.999927,0.999995,0.000000,0.996210,0.899423,1.895633,2,NA,0,1,clean,/home/jukebox/DPUmesh/integrations/linkerd/bench/report/data/linkerd-20260810/open/raw/scout-64-grpc-envoy-permissive-backtrack8-v1.result.attempt1.txt
scout-64-grpc-envoy-permissive-backtrack8-v2,backtrack,8,grpc-envoy-permissive,64,40865,10,40860.000,3267.00,4657.00,408648,0,0,0,0,0,0.999878,0.999995,0.000000,0.996161,0.892531,1.888692,2,NA,0,1,clean,/home/jukebox/DPUmesh/integrations/linkerd/bench/report/data/linkerd-20260810/open/raw/scout-64-grpc-envoy-permissive-backtrack8-v2.result.attempt1.txt
scout-64-grpc-envoy-permissive-refine1-v1,refine,1,grpc-envoy-permissive,64,47481,10,47471.000,10187.00,16518.00,474779,0,0,0,0,0,0.999789,0.999935,0.000000,0.996197,0.908852,1.905049,2,NA,0,1,clean,/home/jukebox/DPUmesh/integrations/linkerd/bench/report/data/linkerd-20260810/open/raw/scout-64-grpc-envoy-permissive-refine1-v1.result.attempt1.txt
scout-64-grpc-envoy-permissive-refine1-v2,refine,1,grpc-envoy-permissive,64,47481,10,47478.000,10551.00,16467.00,474731,0,0,0,0,0,0.999937,0.999834,0.000000,0.996110,0.908731,1.904841,2,NA,0,1,clean,/home/jukebox/DPUmesh/integrations/linkerd/bench/report/data/linkerd-20260810/open/raw/scout-64-grpc-envoy-permissive-refine1-v2.result.attempt1.txt
scout-64-grpc-envoy-permissive-refine2-v1,refine,2,grpc-envoy-permissive,64,51180,10,51179.000,18367.00,33062.00,511548,0,0,0,0,0,0.999980,0.999508,0.000000,0.996331,0.944465,1.940796,2,NA,0,1,clean,/home/jukebox/DPUmesh/integrations/linkerd/bench/report/data/linkerd-20260810/open/raw/scout-64-grpc-envoy-permissive-refine2-v1.result.attempt1.txt
scout-64-grpc-envoy-permissive-refine2-v2,refine,2,grpc-envoy-permissive,64,51180,10,51145.000,17964.00,34237.00,511577,0,0,0,0,0,0.999316,0.999564,0.000000,0.996281,0.948644,1.944925,2,NA,0,1,clean,/home/jukebox/DPUmesh/integrations/linkerd/bench/report/data/linkerd-20260810/open/raw/scout-64-grpc-envoy-permissive-refine2-v2.result.attempt1.txt
scout-64-grpc-envoy-permissive-refine3-v1,refine,3,grpc-envoy-permissive,64,53137,10,49956.000,301919.00,661211.00,513280,0,0,0,0,0,0.940136,0.965956,0.000000,0.996124,0.944168,1.940292,2,NA,0,0,achieved+scheduler,/home/jukebox/DPUmesh/integrations/linkerd/bench/report/data/linkerd-20260810/open/raw/scout-64-grpc-envoy-permissive-refine3-v1.result.attempt1.txt
scout-64-grpc-envoy-permissive-refine3-v2,refine,3,grpc-envoy-permissive,64,53137,10,49965.000,309428.00,687839.00,518531,0,0,0,0,0,0.940305,0.975838,0.000000,0.996352,0.942907,1.939259,2,NA,0,0,achieved+scheduler,/home/jukebox/DPUmesh/integrations/linkerd/bench/report/data/linkerd-20260810/open/raw/scout-64-grpc-envoy-permissive-refine3-v2.result.attempt1.txt
scout-64-grpc-envoy-permissive-refine4-v1,refine,4,grpc-envoy-permissive,64,52149,10,50814.000,58008.00,322003.00,514735,0,0,0,0,0,0.974400,0.987047,0.000000,0.996134,0.950739,1.946873,2,NA,0,0,achieved,/home/jukebox/DPUmesh/integrations/linkerd/bench/report/data/linkerd-20260810/open/raw/scout-64-grpc-envoy-permissive-refine4-v1.result.attempt1.txt
scout-64-grpc-envoy-permissive-refine4-v2,refine,4,grpc-envoy-permissive,64,52149,10,52092.000,24842.00,97479.00,520402,0,0,0,0,0,0.998907,0.997914,0.000000,0.996271,0.960636,1.956907,2,NA,0,1,clean,/home/jukebox/DPUmesh/integrations/linkerd/bench/report/data/linkerd-20260810/open/raw/scout-64-grpc-envoy-permissive-refine4-v2.result.attempt1.txt
scout-64-grpc-envoy-permissive-refine4-v3,refine,4,grpc-envoy-permissive,64,52149,10,51383.000,35543.00,185966.00,518226,0,0,0,0,0,0.985311,0.993741,0.000000,0.996084,0.957275,1.953359,2,NA,0,1,clean,/home/jukebox/DPUmesh/integrations/linkerd/bench/report/data/linkerd-20260810/open/raw/scout-64-grpc-envoy-permissive-refine4-v3.result.attempt1.txt
scout-64-grpc-envoy-strict-pilot1-v1,pilot,1,grpc-envoy-strict,64,5000,2,4998.000,216.00,736.00,10000,0,0,0,0,0,0.999600,1.000000,0.000000,0.356552,0.507540,0.864092,2,NA,0,1,clean,/home/jukebox/DPUmesh/integrations/linkerd/bench/report/data/linkerd-20260810/open/raw/scout-64-grpc-envoy-strict-pilot1-v1.result.attempt1.txt
scout-64-grpc-envoy-strict-pilot2-v1,pilot,2,grpc-envoy-strict,64,6750,2,6747.000,186.00,227.00,13500,0,0,0,0,0,0.999556,1.000000,0.000000,0.482676,0.417488,0.900164,2,NA,0,1,clean,/home/jukebox/DPUmesh/integrations/linkerd/bench/report/data/linkerd-20260810/open/raw/scout-64-grpc-envoy-strict-pilot2-v1.result.attempt1.txt
scout-64-grpc-envoy-strict-pilot3-v1,pilot,3,grpc-envoy-strict,64,9113,2,9111.000,229.00,787.00,18226,0,0,0,0,0,0.999781,1.000000,0.000000,0.637311,0.626777,1.264088,2,NA,0,1,clean,/home/jukebox/DPUmesh/integrations/linkerd/bench/report/data/linkerd-20260810/open/raw/scout-64-grpc-envoy-strict-pilot3-v1.result.attempt1.txt
scout-64-grpc-envoy-strict-pilot4-v1,pilot,4,grpc-envoy-strict,64,12303,2,12301.000,202.00,313.00,24606,0,0,0,0,0,0.999837,1.000000,0.000000,0.874458,0.754104,1.628562,2,NA,0,1,clean,/home/jukebox/DPUmesh/integrations/linkerd/bench/report/data/linkerd-20260810/open/raw/scout-64-grpc-envoy-strict-pilot4-v1.result.attempt1.txt
scout-64-grpc-envoy-strict-pilot5-v1,pilot,5,grpc-envoy-strict,64,16609,2,16606.000,953.00,1297.00,33215,0,0,0,0,0,0.999819,0.999910,0.000000,0.981619,0.920092,1.901711,2,NA,0,1,clean,/home/jukebox/DPUmesh/integrations/linkerd/bench/report/data/linkerd-20260810/open/raw/scout-64-grpc-envoy-strict-pilot5-v1.result.attempt1.txt
scout-64-grpc-envoy-strict-pilot6-v1,pilot,6,grpc-envoy-strict,64,22422,2,22420.000,1225.00,1609.00,44843,0,0,0,0,0,0.999911,0.999978,0.000000,0.981747,0.923456,1.905203,2,NA,0,1,clean,/home/jukebox/DPUmesh/integrations/linkerd/bench/report/data/linkerd-20260810/open/raw/scout-64-grpc-envoy-strict-pilot6-v1.result.attempt1.txt
scout-64-grpc-envoy-strict-pilot7-v1,pilot,7,grpc-envoy-strict,64,30270,2,30292.000,1696.00,2498.00,60530,0,0,0,0,0,1.000727,0.999835,0.000000,0.982184,0.911547,1.893731,2,NA,0,1,clean,/home/jukebox/DPUmesh/integrations/linkerd/bench/report/data/linkerd-20260810/open/raw/scout-64-grpc-envoy-strict-pilot7-v1.result.attempt1.txt
scout-64-grpc-envoy-strict-pilot8-v1,pilot,8,grpc-envoy-strict,64,40865,2,40859.000,3942.00,5765.00,81724,0,0,0,0,0,0.999853,0.999927,0.000000,0.981818,0.930716,1.912534,2,NA,0,1,clean,/home/jukebox/DPUmesh/integrations/linkerd/bench/report/data/linkerd-20260810/open/raw/scout-64-grpc-envoy-strict-pilot8-v1.result.attempt1.txt
scout-64-grpc-envoy-strict-pilot9-v1,pilot,9,grpc-envoy-strict,64,55168,2,48099.000,180637.00,310017.00,101580,0,0,0,0,0,0.871864,0.920642,0.000000,0.981464,0.969093,1.950557,2,NA,0,0,achieved+scheduler,/home/jukebox/DPUmesh/integrations/linkerd/bench/report/data/linkerd-20260810/open/raw/scout-64-grpc-envoy-strict-pilot9-v1.result.attempt1.txt
scout-64-grpc-envoy-strict-validate9-v1,validate,9,grpc-envoy-strict,64,55168,10,49127.000,578511.00,1242377.51,530743,0,0,0,24806,0,0.890498,0.962049,0.000000,0.995710,0.942774,1.938484,2,NA,0,0,overflow+achieved+scheduler,/home/jukebox/DPUmesh/integrations/linkerd/bench/report/data/linkerd-20260810/open/raw/scout-64-grpc-envoy-strict-validate9-v1.result.attempt1.txt
scout-64-grpc-envoy-strict-validate9-v2,validate,9,grpc-envoy-strict,64,55168,10,49548.000,512739.00,1043098.00,520803,0,0,0,4077,0,0.898129,0.944031,0.000000,0.996252,0.935695,1.931947,2,NA,0,0,overflow+achieved+scheduler,/home/jukebox/DPUmesh/integrations/linkerd/bench/report/data/linkerd-20260810/open/raw/scout-64-grpc-envoy-strict-validate9-v2.result.attempt1.txt
scout-64-grpc-envoy-strict-backtrack8-v1,backtrack,8,grpc-envoy-strict,64,40865,10,40865.000,3581.00,4898.00,408631,0,0,0,0,0,1.000000,0.999954,0.000000,0.996215,0.898714,1.894929,2,NA,0,1,clean,/home/jukebox/DPUmesh/integrations/linkerd/bench/report/data/linkerd-20260810/open/raw/scout-64-grpc-envoy-strict-backtrack8-v1.result.attempt1.txt
scout-64-grpc-envoy-strict-backtrack8-v2,backtrack,8,grpc-envoy-strict,64,40865,10,40870.000,3653.00,5079.00,408621,0,0,0,0,0,1.000122,0.999929,0.000000,0.996191,0.898290,1.894481,2,NA,0,1,clean,/home/jukebox/DPUmesh/integrations/linkerd/bench/report/data/linkerd-20260810/open/raw/scout-64-grpc-envoy-strict-backtrack8-v2.result.attempt1.txt
scout-64-grpc-envoy-strict-refine1-v1,refine,1,grpc-envoy-strict,64,47481,10,47491.000,11587.00,18752.00,474711,0,0,0,0,0,1.000211,0.999791,0.000000,0.996190,0.913257,1.909447,2,NA,0,1,clean,/home/jukebox/DPUmesh/integrations/linkerd/bench/report/data/linkerd-20260810/open/raw/scout-64-grpc-envoy-strict-refine1-v1.result.attempt1.txt
scout-64-grpc-envoy-strict-refine1-v2,refine,1,grpc-envoy-strict,64,47481,10,47472.000,11530.00,17531.00,474765,0,0,0,0,0,0.999810,0.999905,0.000000,0.996301,0.913350,1.909651,2,NA,0,1,clean,/home/jukebox/DPUmesh/integrations/linkerd/bench/report/data/linkerd-20260810/open/raw/scout-64-grpc-envoy-strict-refine1-v2.result.attempt1.txt
scout-64-grpc-envoy-strict-refine2-v1,refine,2,grpc-envoy-strict,64,51180,10,51108.000,20031.00,35074.00,511253,0,0,0,0,0,0.998593,0.998931,0.000000,0.996045,0.949748,1.945793,2,NA,0,1,clean,/home/jukebox/DPUmesh/integrations/linkerd/bench/report/data/linkerd-20260810/open/raw/scout-64-grpc-envoy-strict-refine2-v1.result.attempt1.txt
scout-64-grpc-envoy-strict-refine2-v2,refine,2,grpc-envoy-strict,64,51180,10,51120.000,20016.00,32574.00,511550,0,0,0,0,0,0.998828,0.999512,0.000000,0.996201,0.948218,1.944419,2,NA,0,1,clean,/home/jukebox/DPUmesh/integrations/linkerd/bench/report/data/linkerd-20260810/open/raw/scout-64-grpc-envoy-strict-refine2-v2.result.attempt1.txt
scout-64-grpc-envoy-strict-refine3-v1,refine,3,grpc-envoy-strict,64,53137,10,49334.000,352370.00,751587.00,513084,0,0,0,0,0,0.928430,0.965587,0.000000,0.996104,0.938869,1.934973,2,NA,0,0,achieved+scheduler,/home/jukebox/DPUmesh/integrations/linkerd/bench/report/data/linkerd-20260810/open/raw/scout-64-grpc-envoy-strict-refine3-v1.result.attempt1.txt
scout-64-grpc-envoy-strict-refine3-v2,refine,3,grpc-envoy-strict,64,53137,10,49328.000,366976.00,745281.00,516009,0,0,0,0,0,0.928317,0.971092,0.000000,0.995827,0.941447,1.937274,2,NA,0,0,achieved+scheduler,/home/jukebox/DPUmesh/integrations/linkerd/bench/report/data/linkerd-20260810/open/raw/scout-64-grpc-envoy-strict-refine3-v2.result.attempt1.txt
scout-64-grpc-envoy-strict-refine4-v1,refine,4,grpc-envoy-strict,64,52149,10,49526.000,252901.00,529772.00,506403,0,0,0,0,0,0.949702,0.971069,0.000000,0.996169,0.937305,1.933474,2,NA,0,0,achieved+scheduler,/home/jukebox/DPUmesh/integrations/linkerd/bench/report/data/linkerd-20260810/open/raw/scout-64-grpc-envoy-strict-refine4-v1.result.attempt1.txt
scout-64-grpc-envoy-strict-refine4-v2,refine,4,grpc-envoy-strict,64,52149,10,49957.000,189817.00,479669.00,510235,0,0,0,0,0,0.957967,0.978418,0.000000,0.996104,0.937271,1.933375,2,NA,0,0,achieved+scheduler,/home/jukebox/DPUmesh/integrations/linkerd/bench/report/data/linkerd-20260810/open/raw/scout-64-grpc-envoy-strict-refine4-v2.result.attempt1.txt
scout-64-grpc-linkerd-pilot1-v1,pilot,1,grpc-linkerd,64,5000,2,4997.000,403.00,424.00,10000,0,0,0,0,0,0.999400,1.000000,0.000000,0.729286,0.632565,1.361851,2,NA,0,1,clean,/home/jukebox/DPUmesh/integrations/linkerd/bench/report/data/linkerd-20260810/open/raw/scout-64-grpc-linkerd-pilot1-v1.result.attempt1.txt
scout-64-grpc-linkerd-pilot2-v1,pilot,2,grpc-linkerd,64,6750,2,6748.000,666.00,1409.00,13499,0,0,0,0,0,0.999704,0.999926,0.000000,0.945849,0.802817,1.748666,2,NA,0,1,clean,/home/jukebox/DPUmesh/integrations/linkerd/bench/report/data/linkerd-20260810/open/raw/scout-64-grpc-linkerd-pilot2-v1.result.attempt1.txt
scout-64-grpc-linkerd-pilot3-v1,pilot,3,grpc-linkerd,64,9113,2,9112.000,1563.00,2556.00,18222,0,0,0,0,0,0.999890,0.999781,0.000000,0.971935,0.713863,1.685798,2,NA,0,1,clean,/home/jukebox/DPUmesh/integrations/linkerd/bench/report/data/linkerd-20260810/open/raw/scout-64-grpc-linkerd-pilot3-v1.result.attempt1.txt
scout-64-grpc-linkerd-pilot4-v1,pilot,4,grpc-linkerd,64,12303,2,12304.000,3183.00,4374.00,24593,0,0,0,0,0,1.000081,0.999472,0.000000,0.982095,0.754005,1.736100,2,NA,0,1,clean,/home/jukebox/DPUmesh/integrations/linkerd/bench/report/data/linkerd-20260810/open/raw/scout-64-grpc-linkerd-pilot4-v1.result.attempt1.txt
scout-64-grpc-linkerd-pilot5-v1,pilot,5,grpc-linkerd,64,16609,2,12632.000,198796.00,484266.00,33208,0,0,0,0,0,0.760552,0.999699,0.000000,0.976542,0.742167,1.718709,2,NA,0,0,achieved,/home/jukebox/DPUmesh/integrations/linkerd/bench/report/data/linkerd-20260810/open/raw/scout-64-grpc-linkerd-pilot5-v1.result.attempt1.txt
scout-64-grpc-linkerd-validate5-v1,validate,5,grpc-linkerd,64,16609,10,9264.000,1505506.02,1505506.02,166010,0,0,61202,52373,0,0.557770,0.999518,0.000000,0.993869,0.486978,1.480847,2,NA,0,0,fail+overflow+achieved,/home/jukebox/DPUmesh/integrations/linkerd/bench/report/data/linkerd-20260810/open/raw/scout-64-grpc-linkerd-validate5-v1.result.attempt1.txt
scout-64-grpc-linkerd-validate5-v2,validate,5,grpc-linkerd,64,16609,10,9351.000,1506610.73,1506610.73,166089,0,0,60422,52064,0,0.563008,0.999994,0.000000,0.996593,0.496262,1.492855,2,NA,0,0,fail+overflow+achieved,/home/jukebox/DPUmesh/integrations/linkerd/bench/report/data/linkerd-20260810/open/raw/scout-64-grpc-linkerd-validate5-v2.result.attempt1.txt
scout-64-grpc-linkerd-backtrack4-v1,backtrack,4,grpc-linkerd,64,12303,10,12303.000,3244.00,4427.00,123018,0,0,0,0,0,1.000000,0.999902,0.000000,0.996227,0.766923,1.763150,2,NA,0,1,clean,/home/jukebox/DPUmesh/integrations/linkerd/bench/report/data/linkerd-20260810/open/raw/scout-64-grpc-linkerd-backtrack4-v1.result.attempt1.txt
scout-64-grpc-linkerd-backtrack4-v2,backtrack,4,grpc-linkerd,64,12303,10,12302.000,3226.00,4479.00,123021,0,0,0,0,0,0.999919,0.999927,0.000000,0.996182,0.771729,1.767911,2,NA,0,1,clean,/home/jukebox/DPUmesh/integrations/linkerd/bench/report/data/linkerd-20260810/open/raw/scout-64-grpc-linkerd-backtrack4-v2.result.attempt1.txt
scout-64-grpc-linkerd-refine1-v1,refine,1,grpc-linkerd,64,14295,10,14294.000,5717.00,8168.00,142931,0,0,0,0,0,0.999930,0.999867,0.000000,0.996509,0.826061,1.822570,2,NA,0,1,clean,/home/jukebox/DPUmesh/integrations/linkerd/bench/report/data/linkerd-20260810/open/raw/scout-64-grpc-linkerd-refine1-v1.result.attempt1.txt
scout-64-grpc-linkerd-refine1-v2,refine,1,grpc-linkerd,64,14295,10,14292.000,5767.00,8304.00,142947,0,0,0,0,0,0.999790,0.999979,0.000000,0.996384,0.825262,1.821646,2,NA,0,1,clean,/home/jukebox/DPUmesh/integrations/linkerd/bench/report/data/linkerd-20260810/open/raw/scout-64-grpc-linkerd-refine1-v2.result.attempt1.txt
scout-64-grpc-linkerd-refine2-v1,refine,2,grpc-linkerd,64,15409,10,15413.000,10075.00,17233.00,154068,0,0,0,0,0,1.000260,0.999857,0.000000,0.996448,0.850328,1.846776,2,NA,0,1,clean,/home/jukebox/DPUmesh/integrations/linkerd/bench/report/data/linkerd-20260810/open/raw/scout-64-grpc-linkerd-refine2-v1.result.attempt1.txt
scout-64-grpc-linkerd-refine2-v2,refine,2,grpc-linkerd,64,15409,10,15400.000,10089.00,16516.00,154063,0,0,0,0,0,0.999416,0.999825,0.000000,0.996147,0.852916,1.849063,2,NA,0,1,clean,/home/jukebox/DPUmesh/integrations/linkerd/bench/report/data/linkerd-20260810/open/raw/scout-64-grpc-linkerd-refine2-v2.result.attempt1.txt
scout-64-grpc-linkerd-refine3-v1,refine,3,grpc-linkerd,64,15998,10,11227.000,529145.00,1343970.65,159861,0,0,36015,38975,0,0.701775,0.999256,0.000000,0.996430,0.615012,1.611442,2,NA,0,0,fail+overflow+achieved,/home/jukebox/DPUmesh/integrations/linkerd/bench/report/data/linkerd-20260810/open/raw/scout-64-grpc-linkerd-refine3-v1.result.attempt1.txt
scout-64-grpc-linkerd-refine3-v2,refine,3,grpc-linkerd,64,15998,10,11459.000,479287.00,1327994.49,159916,0,0,33802,36299,0,0.716277,0.999600,0.000000,0.995732,0.638614,1.634346,2,NA,0,0,fail+overflow+achieved,/home/jukebox/DPUmesh/integrations/linkerd/bench/report/data/linkerd-20260810/open/raw/scout-64-grpc-linkerd-refine3-v2.result.attempt1.txt
scout-64-grpc-linkerd-refine4-v1,refine,4,grpc-linkerd,64,15701,10,15675.000,19953.00,43985.00,157001,0,0,0,0,0,0.998344,0.999943,0.000000,0.996844,0.866360,1.863204,2,NA,0,1,clean,/home/jukebox/DPUmesh/integrations/linkerd/bench/report/data/linkerd-20260810/open/raw/scout-64-grpc-linkerd-refine4-v1.result.attempt1.txt
scout-64-grpc-linkerd-refine4-v2,refine,4,grpc-linkerd,64,15701,10,15678.000,23669.00,48078.00,157007,0,0,0,0,0,0.998535,0.999981,0.000000,0.996729,0.867163,1.863892,2,NA,0,1,clean,/home/jukebox/DPUmesh/integrations/linkerd/bench/report/data/linkerd-20260810/open/raw/scout-64-grpc-linkerd-refine4-v2.result.attempt1.txt
scout-64-grpc-linkerd-opaque-pilot1-v1,pilot,1,grpc-linkerd-opaque,64,5000,2,4998.000,176.00,190.00,10000,0,0,0,0,0,0.999600,1.000000,0.000000,0.319350,0.279277,0.598627,2,NA,0,1,clean,/home/jukebox/DPUmesh/integrations/linkerd/bench/report/data/linkerd-20260810/open/raw/scout-64-grpc-linkerd-opaque-pilot1-v1.result.attempt1.txt
scout-64-grpc-linkerd-opaque-pilot2-v1,pilot,2,grpc-linkerd-opaque,64,6750,2,6747.000,175.00,207.00,13500,0,0,0,0,0,0.999556,1.000000,0.000000,0.435922,0.390882,0.826804,2,NA,0,1,clean,/home/jukebox/DPUmesh/integrations/linkerd/bench/report/data/linkerd-20260810/open/raw/scout-64-grpc-linkerd-opaque-pilot2-v1.result.attempt1.txt
scout-64-grpc-linkerd-opaque-pilot3-v1,pilot,3,grpc-linkerd-opaque,64,9113,2,9112.000,197.00,598.00,18226,0,0,0,0,0,0.999890,1.000000,0.000000,0.582358,0.553413,1.135771,2,NA,0,1,clean,/home/jukebox/DPUmesh/integrations/linkerd/bench/report/data/linkerd-20260810/open/raw/scout-64-grpc-linkerd-opaque-pilot3-v1.result.attempt1.txt
scout-64-grpc-linkerd-opaque-pilot4-v1,pilot,4,grpc-linkerd-opaque,64,12303,2,12300.000,194.00,223.00,24606,0,0,0,0,0,0.999756,1.000000,0.000000,0.765690,0.697200,1.462890,2,NA,0,1,clean,/home/jukebox/DPUmesh/integrations/linkerd/bench/report/data/linkerd-20260810/open/raw/scout-64-grpc-linkerd-opaque-pilot4-v1.result.attempt1.txt
scout-64-grpc-linkerd-opaque-pilot5-v1,pilot,5,grpc-linkerd-opaque,64,16609,2,16606.000,275.00,781.00,33217,0,0,0,0,0,0.999819,0.999970,0.000000,0.948686,0.902399,1.851085,2,NA,0,1,clean,/home/jukebox/DPUmesh/integrations/linkerd/bench/report/data/linkerd-20260810/open/raw/scout-64-grpc-linkerd-opaque-pilot5-v1.result.attempt1.txt
scout-64-grpc-linkerd-opaque-pilot6-v1,pilot,6,grpc-linkerd-opaque,64,22422,2,22419.000,929.00,1283.00,44839,0,0,0,0,0,0.999866,0.999889,0.000000,0.980370,0.899783,1.880153,2,NA,0,1,clean,/home/jukebox/DPUmesh/integrations/linkerd/bench/report/data/linkerd-20260810/open/raw/scout-64-grpc-linkerd-opaque-pilot6-v1.result.attempt1.txt
scout-64-grpc-linkerd-opaque-pilot7-v1,pilot,7,grpc-linkerd-opaque,64,30270,2,30274.000,1396.00,1964.00,60531,0,0,0,0,0,1.000132,0.999851,0.000000,0.981729,0.878240,1.859969,2,NA,0,1,clean,/home/jukebox/DPUmesh/integrations/linkerd/bench/report/data/linkerd-20260810/open/raw/scout-64-grpc-linkerd-opaque-pilot7-v1.result.attempt1.txt
scout-64-grpc-linkerd-opaque-pilot8-v1,pilot,8,grpc-linkerd-opaque,64,40865,2,40954.000,3255.00,5046.00,81729,0,0,0,0,0,1.002178,0.999988,0.000000,0.944577,0.869017,1.813594,2,NA,0,1,clean,/home/jukebox/DPUmesh/integrations/linkerd/bench/report/data/linkerd-20260810/open/raw/scout-64-grpc-linkerd-opaque-pilot8-v1.result.attempt1.txt
scout-64-grpc-linkerd-opaque-pilot9-v1,pilot,9,grpc-linkerd-opaque,64,55168,2,47203.000,188686.00,351629.00,102388,0,0,0,0,0,0.855623,0.927965,0.000000,0.982399,0.954030,1.936429,2,NA,0,0,achieved+scheduler,/home/jukebox/DPUmesh/integrations/linkerd/bench/report/data/linkerd-20260810/open/raw/scout-64-grpc-linkerd-opaque-pilot9-v1.result.attempt1.txt
scout-64-grpc-linkerd-opaque-validate9-v1,validate,9,grpc-linkerd-opaque,64,55168,10,48385.000,660644.00,1324602.49,516424,0,0,0,88624,0,0.877048,0.936093,0.000000,0.996402,0.934079,1.930481,2,NA,0,0,overflow+achieved+scheduler,/home/jukebox/DPUmesh/integrations/linkerd/bench/report/data/linkerd-20260810/open/raw/scout-64-grpc-linkerd-opaque-validate9-v1.result.attempt1.txt
scout-64-grpc-linkerd-opaque-validate9-v2,validate,9,grpc-linkerd-opaque,64,55168,10,48178.000,670113.00,1374049.11,516049,0,0,0,94973,0,0.873296,0.935414,0.000000,0.996487,0.923783,1.920270,2,NA,0,0,overflow+achieved+scheduler,/home/jukebox/DPUmesh/integrations/linkerd/bench/report/data/linkerd-20260810/open/raw/scout-64-grpc-linkerd-opaque-validate9-v2.result.attempt1.txt
scout-64-grpc-linkerd-opaque-backtrack8-v1,backtrack,8,grpc-linkerd-opaque,64,40865,10,40870.000,3103.00,4432.00,408631,0,0,0,0,0,1.000122,0.999954,0.000000,0.996445,0.879721,1.876166,2,NA,0,1,clean,/home/jukebox/DPUmesh/integrations/linkerd/bench/report/data/linkerd-20260810/open/raw/scout-64-grpc-linkerd-opaque-backtrack8-v1.result.attempt1.txt
scout-64-grpc-linkerd-opaque-backtrack8-v2,backtrack,8,grpc-linkerd-opaque,64,40865,10,40865.000,3109.00,4370.00,408644,0,0,0,0,0,1.000000,0.999985,0.000000,0.996274,0.876599,1.872873,2,NA,0,1,clean,/home/jukebox/DPUmesh/integrations/linkerd/bench/report/data/linkerd-20260810/open/raw/scout-64-grpc-linkerd-opaque-backtrack8-v2.result.attempt1.txt
scout-64-grpc-linkerd-opaque-refine1-v1,refine,1,grpc-linkerd-opaque,64,47481,10,47513.000,16159.00,29802.00,474763,0,0,0,0,0,1.000674,0.999901,0.000000,0.996322,0.906975,1.903297,2,NA,0,1,clean,/home/jukebox/DPUmesh/integrations/linkerd/bench/report/data/linkerd-20260810/open/raw/scout-64-grpc-linkerd-opaque-refine1-v1.result.attempt1.txt
scout-64-grpc-linkerd-opaque-refine1-v2,refine,1,grpc-linkerd-opaque,64,47481,10,47468.000,13752.00,23903.00,474792,0,0,0,0,0,0.999726,0.999962,0.000000,0.996038,0.905681,1.901719,2,NA,0,1,clean,/home/jukebox/DPUmesh/integrations/linkerd/bench/report/data/linkerd-20260810/open/raw/scout-64-grpc-linkerd-opaque-refine1-v2.result.attempt1.txt
scout-64-grpc-linkerd-opaque-refine2-v1,refine,2,grpc-linkerd-opaque,64,51180,10,48194.000,283637.00,599931.00,495961,0,0,0,0,0,0.941657,0.969052,0.000000,0.995958,0.928659,1.924617,2,NA,0,0,achieved+scheduler,/home/jukebox/DPUmesh/integrations/linkerd/bench/report/data/linkerd-20260810/open/raw/scout-64-grpc-linkerd-opaque-refine2-v1.result.attempt1.txt
scout-64-grpc-linkerd-opaque-refine2-v2,refine,2,grpc-linkerd-opaque,64,51180,10,48452.000,270546.00,589508.00,502286,0,0,0,0,0,0.946698,0.981411,0.000000,0.996111,0.923926,1.920037,2,NA,0,0,achieved,/home/jukebox/DPUmesh/integrations/linkerd/bench/report/data/linkerd-20260810/open/raw/scout-64-grpc-linkerd-opaque-refine2-v2.result.attempt1.txt
scout-64-grpc-linkerd-opaque-refine3-v1,refine,3,grpc-linkerd-opaque,64,49296,10,49332.000,21708.00,34858.00,492683,0,0,0,0,0,1.000730,0.999438,0.000000,0.996261,0.927321,1.923582,2,NA,0,1,clean,/home/jukebox/DPUmesh/integrations/linkerd/bench/report/data/linkerd-20260810/open/raw/scout-64-grpc-linkerd-opaque-refine3-v1.result.attempt1.txt
scout-64-grpc-linkerd-opaque-refine3-v2,refine,3,grpc-linkerd-opaque,64,49296,10,49231.000,22718.00,36218.00,492838,0,0,0,0,0,0.998681,0.999753,0.000000,0.996330,0.927328,1.923658,2,NA,0,1,clean,/home/jukebox/DPUmesh/integrations/linkerd/bench/report/data/linkerd-20260810/open/raw/scout-64-grpc-linkerd-opaque-refine3-v2.result.attempt1.txt
scout-64-grpc-linkerd-opaque-refine4-v1,refine,4,grpc-linkerd-opaque,64,50229,10,48519.000,164247.00,397104.00,493122,0,0,0,0,0,0.965956,0.981748,0.000000,0.996556,0.919190,1.915746,2,NA,0,0,achieved,/home/jukebox/DPUmesh/integrations/linkerd/bench/report/data/linkerd-20260810/open/raw/scout-64-grpc-linkerd-opaque-refine4-v1.result.attempt1.txt
scout-64-grpc-linkerd-opaque-refine4-v2,refine,4,grpc-linkerd-opaque,64,50229,10,48315.000,190881.00,423544.00,491682,0,0,0,0,0,0.961895,0.978881,0.000000,0.996348,0.917714,1.914062,2,NA,0,0,achieved+scheduler,/home/jukebox/DPUmesh/integrations/linkerd/bench/report/data/linkerd-20260810/open/raw/scout-64-grpc-linkerd-opaque-refine4-v2.result.attempt1.txt
scout-1024-grpc-tcp-pilot1-v1,pilot,1,grpc-tcp,1024,5000,2,4998.000,135.00,445.00,10000,0,0,0,0,0,0.999600,1.000000,0.000000,0.221131,0.211868,0.432999,2,NA,0,1,clean,/home/jukebox/DPUmesh/integrations/linkerd/bench/report/data/linkerd-20260810/open/raw/scout-1024-grpc-tcp-pilot1-v1.result.attempt1.txt
scout-1024-grpc-tcp-pilot2-v1,pilot,2,grpc-tcp,1024,6750,2,6748.000,135.00,144.00,13500,0,0,0,0,0,0.999704,1.000000,0.000000,0.305494,0.272947,0.578441,2,NA,0,1,clean,/home/jukebox/DPUmesh/integrations/linkerd/bench/report/data/linkerd-20260810/open/raw/scout-1024-grpc-tcp-pilot2-v1.result.attempt1.txt
scout-1024-grpc-tcp-pilot3-v1,pilot,3,grpc-tcp,1024,9113,2,9110.000,136.00,523.00,18226,0,0,0,0,0,0.999671,1.000000,0.000000,0.414779,0.378937,0.793716,2,NA,0,1,clean,/home/jukebox/DPUmesh/integrations/linkerd/bench/report/data/linkerd-20260810/open/raw/scout-1024-grpc-tcp-pilot3-v1.result.attempt1.txt
scout-1024-grpc-tcp-pilot4-v1,pilot,4,grpc-tcp,1024,12303,2,12301.000,159.00,218.00,24606,0,0,0,0,0,0.999837,1.000000,0.000000,0.564177,0.505804,1.069981,2,NA,0,1,clean,/home/jukebox/DPUmesh/integrations/linkerd/bench/report/data/linkerd-20260810/open/raw/scout-1024-grpc-tcp-pilot4-v1.result.attempt1.txt
scout-1024-grpc-tcp-pilot5-v1,pilot,5,grpc-tcp,1024,16609,2,16606.000,162.00,327.00,33218,0,0,0,0,0,0.999819,1.000000,0.000000,0.755943,0.711003,1.466946,2,NA,0,1,clean,/home/jukebox/DPUmesh/integrations/linkerd/bench/report/data/linkerd-20260810/open/raw/scout-1024-grpc-tcp-pilot5-v1.result.attempt1.txt
scout-1024-grpc-tcp-pilot6-v1,pilot,6,grpc-tcp,1024,22422,2,22420.000,506.00,974.00,44839,0,0,0,0,0,0.999911,0.999889,0.000000,0.930055,0.817784,1.747839,2,NA,0,1,clean,/home/jukebox/DPUmesh/integrations/linkerd/bench/report/data/linkerd-20260810/open/raw/scout-1024-grpc-tcp-pilot6-v1.result.attempt1.txt
scout-1024-grpc-tcp-pilot7-v1,pilot,7,grpc-tcp,1024,30270,2,29224.000,100116.00,177751.00,59537,0,0,0,0,0,0.965444,0.983432,0.000000,0.965012,0.974289,1.939301,2,NA,0,0,achieved,/home/jukebox/DPUmesh/integrations/linkerd/bench/report/data/linkerd-20260810/open/raw/scout-1024-grpc-tcp-pilot7-v1.result.attempt1.txt
scout-1024-grpc-tcp-validate7-v1,validate,7,grpc-tcp,1024,30270,10,30250.000,27898.00,62586.00,302201,0,0,0,0,0,0.999339,0.998352,0.000000,0.996300,0.993770,1.990070,2,NA,0,1,clean,/home/jukebox/DPUmesh/integrations/linkerd/bench/report/data/linkerd-20260810/open/raw/scout-1024-grpc-tcp-validate7-v1.result.attempt1.txt
scout-1024-grpc-tcp-validate7-v2,validate,7,grpc-tcp,1024,30270,10,30283.000,29170.00,75674.00,302288,0,0,0,0,0,1.000429,0.998639,0.000000,0.996124,0.995907,1.992031,2,NA,0,1,clean,/home/jukebox/DPUmesh/integrations/linkerd/bench/report/data/linkerd-20260810/open/raw/scout-1024-grpc-tcp-validate7-v2.result.attempt1.txt
scout-1024-grpc-tcp-pilot8-v1,pilot,8,grpc-tcp,1024,40865,2,30459.000,276015.00,568116.00,75761,0,0,0,0,0,0.745357,0.926967,0.000000,0.980039,0.980327,1.960366,2,NA,0,0,achieved+scheduler,/home/jukebox/DPUmesh/integrations/linkerd/bench/report/data/linkerd-20260810/open/raw/scout-1024-grpc-tcp-pilot8-v1.result.attempt1.txt
scout-1024-grpc-tcp-validate8-v1,validate,8,grpc-tcp,1024,40865,10,24237.000,4184564.34,4184564.34,357393,0,0,0,176723,0,0.593099,0.874570,0.000000,0.996315,0.996310,1.992625,2,NA,0,0,overflow+achieved+scheduler,/home/jukebox/DPUmesh/integrations/linkerd/bench/report/data/linkerd-20260810/open/raw/scout-1024-grpc-tcp-validate8-v1.result.attempt1.txt
scout-1024-grpc-tcp-validate8-v2,validate,8,grpc-tcp,1024,40865,10,29871.000,3122600.38,3122600.38,357486,0,0,0,156430,0,0.730968,0.874798,0.000000,0.995966,0.976923,1.972889,2,NA,0,0,overflow+achieved+scheduler,/home/jukebox/DPUmesh/integrations/linkerd/bench/report/data/linkerd-20260810/open/raw/scout-1024-grpc-tcp-validate8-v2.result.attempt1.txt
scout-1024-grpc-tcp-refine1-v1,refine,1,grpc-tcp,1024,35171,10,25157.000,2988981.57,2988981.57,340217,0,0,0,161561,0,0.715277,0.967323,0.000000,0.996677,0.996237,1.992914,2,NA,0,0,overflow+achieved+scheduler,/home/jukebox/DPUmesh/integrations/linkerd/bench/report/data/linkerd-20260810/open/raw/scout-1024-grpc-tcp-refine1-v1.result.attempt1.txt
scout-1024-grpc-tcp-refine1-v2,refine,1,grpc-tcp,1024,35171,10,26359.000,2704276.72,2704276.72,339016,0,0,0,139827,0,0.749453,0.963908,0.000000,0.996238,0.996241,1.992479,2,NA,0,0,overflow+achieved+scheduler,/home/jukebox/DPUmesh/integrations/linkerd/bench/report/data/linkerd-20260810/open/raw/scout-1024-grpc-tcp-refine1-v2.result.attempt1.txt
scout-1024-grpc-tcp-refine2-v1,refine,2,grpc-tcp,1024,32629,10,29732.000,540717.00,2169063.51,318030,0,0,0,27867,0,0.911214,0.974685,0.000000,0.996375,0.934473,1.930848,2,NA,0,0,overflow+achieved+scheduler,/home/jukebox/DPUmesh/integrations/linkerd/bench/report/data/linkerd-20260810/open/raw/scout-1024-grpc-tcp-refine2-v1.result.attempt1.txt
scout-1024-grpc-tcp-refine2-v2,refine,2,grpc-tcp,1024,32629,10,28011.000,719515.00,2620380.54,322422,0,0,0,98758,0,0.858469,0.988146,0.000000,0.996254,0.996187,1.992441,2,NA,0,0,overflow+achieved,/home/jukebox/DPUmesh/integrations/linkerd/bench/report/data/linkerd-20260810/open/raw/scout-1024-grpc-tcp-refine2-v2.result.attempt1.txt
scout-1024-grpc-tcp-refine3-v1,refine,3,grpc-tcp,1024,31427,10,27690.000,474257.00,1346519.61,313015,0,0,0,26827,0,0.881090,0.996007,0.000000,0.996067,0.996257,1.992324,2,NA,0,0,overflow+achieved,/home/jukebox/DPUmesh/integrations/linkerd/bench/report/data/linkerd-20260810/open/raw/scout-1024-grpc-tcp-refine3-v1.result.attempt1.txt
scout-1024-grpc-tcp-refine3-v2,refine,3,grpc-tcp,1024,31427,10,29318.000,294660.00,801841.00,310348,0,0,0,0,0,0.932892,0.987520,0.000000,0.996521,0.996217,1.992738,2,NA,0,0,achieved,/home/jukebox/DPUmesh/integrations/linkerd/bench/report/data/linkerd-20260810/open/raw/scout-1024-grpc-tcp-refine3-v2.result.attempt1.txt
scout-1024-grpc-tcp-refine4-v1,refine,4,grpc-tcp,1024,30843,10,29641.000,150908.00,510497.00,306784,0,0,0,0,0,0.961028,0.994663,0.000000,0.995001,0.995949,1.990950,2,NA,0,0,achieved,/home/jukebox/DPUmesh/integrations/linkerd/bench/report/data/linkerd-20260810/open/raw/scout-1024-grpc-tcp-refine4-v1.result.attempt1.txt
scout-1024-grpc-tcp-refine4-v2,refine,4,grpc-tcp,1024,30843,10,30365.000,93756.00,194763.00,308119,0,0,0,0,0,0.984502,0.998992,0.000000,0.996369,0.994763,1.991132,2,NA,0,1,clean,/home/jukebox/DPUmesh/integrations/linkerd/bench/report/data/linkerd-20260810/open/raw/scout-1024-grpc-tcp-refine4-v2.result.attempt1.txt
scout-1024-grpc-tcp-refine4-v3,refine,4,grpc-tcp,1024,30843,10,29943.000,106818.00,365081.00,307391,0,0,0,0,0,0.970820,0.996631,0.000000,0.995833,0.996021,1.991854,2,NA,0,0,achieved,/home/jukebox/DPUmesh/integrations/linkerd/bench/report/data/linkerd-20260810/open/raw/scout-1024-grpc-tcp-refine4-v3.result.attempt1.txt
scout-1024-grpc-dpumesh-pilot1-v1,pilot,1,grpc-dpumesh,1024,5000,2,4997.000,244.00,483.00,10000,0,0,0,0,0,0.999400,1.000000,0.000000,0.184659,0.181426,0.366085,2,NA,0,1,clean,/home/jukebox/DPUmesh/integrations/linkerd/bench/report/data/linkerd-20260810/open/raw/scout-1024-grpc-dpumesh-pilot1-v1.result.attempt1.txt
scout-1024-grpc-dpumesh-pilot2-v1,pilot,2,grpc-dpumesh,1024,6750,2,6747.000,244.00,378.00,13500,0,0,0,0,0,0.999556,1.000000,0.000000,0.245487,0.218351,0.463838,2,NA,0,1,clean,/home/jukebox/DPUmesh/integrations/linkerd/bench/report/data/linkerd-20260810/open/raw/scout-1024-grpc-dpumesh-pilot2-v1.result.attempt1.txt
scout-1024-grpc-dpumesh-pilot3-v1,pilot,3,grpc-dpumesh,1024,9113,2,9110.000,228.00,568.00,18226,0,0,0,0,0,0.999671,1.000000,0.000000,0.308249,0.270009,0.578258,2,NA,0,1,clean,/home/jukebox/DPUmesh/integrations/linkerd/bench/report/data/linkerd-20260810/open/raw/scout-1024-grpc-dpumesh-pilot3-v1.result.attempt1.txt
scout-1024-grpc-dpumesh-pilot4-v1,pilot,4,grpc-dpumesh,1024,12303,2,12300.000,243.00,282.00,24606,0,0,0,0,0,0.999756,1.000000,0.000000,0.395145,0.337334,0.732479,2,NA,0,1,clean,/home/jukebox/DPUmesh/integrations/linkerd/bench/report/data/linkerd-20260810/open/raw/scout-1024-grpc-dpumesh-pilot4-v1.result.attempt1.txt
scout-1024-grpc-dpumesh-pilot5-v1,pilot,5,grpc-dpumesh,1024,16609,2,16606.000,213.00,295.00,33218,0,0,0,0,0,0.999819,1.000000,0.000000,0.545458,0.470288,1.015746,2,NA,0,1,clean,/home/jukebox/DPUmesh/integrations/linkerd/bench/report/data/linkerd-20260810/open/raw/scout-1024-grpc-dpumesh-pilot5-v1.result.attempt1.txt
scout-1024-grpc-dpumesh-pilot6-v1,pilot,6,grpc-dpumesh,1024,22422,2,22420.000,245.00,8336.00,44844,0,0,0,0,0,0.999911,1.000000,0.000000,0.667423,0.648579,1.316002,2,NA,0,1,clean,/home/jukebox/DPUmesh/integrations/linkerd/bench/report/data/linkerd-20260810/open/raw/scout-1024-grpc-dpumesh-pilot6-v1.result.attempt1.txt
scout-1024-grpc-dpumesh-pilot7-v1,pilot,7,grpc-dpumesh,1024,30270,2,27826.000,568.00,300303.00,60466,0,0,0,0,0,0.919260,0.998778,0.000000,0.926398,0.849742,1.776140,2,NA,0,0,achieved,/home/jukebox/DPUmesh/integrations/linkerd/bench/report/data/linkerd-20260810/open/raw/scout-1024-grpc-dpumesh-pilot7-v1.result.attempt1.txt
scout-1024-grpc-dpumesh-validate7-v1,validate,7,grpc-dpumesh,1024,30270,10,29323.000,7790.00,518880.00,302543,0,0,0,0,0,0.968715,0.999481,0.000000,0.903246,0.886860,1.790106,2,1.859374,0,0,achieved,/home/jukebox/DPUmesh/integrations/linkerd/bench/report/data/linkerd-20260810/open/raw/scout-1024-grpc-dpumesh-validate7-v1.result.attempt1.txt
scout-1024-grpc-dpumesh-validate7-v2,validate,7,grpc-dpumesh,1024,30270,10,28196.000,471019.00,3043781.66,302175,0,0,0,22889,0,0.931483,0.998266,0.000000,0.989843,0.995254,1.985097,2,1.341707,0,0,overflow+achieved,/home/jukebox/DPUmesh/integrations/linkerd/bench/report/data/linkerd-20260810/open/raw/scout-1024-grpc-dpumesh-validate7-v2.result.attempt1.txt
scout-1024-grpc-dpumesh-backtrack6-v1,backtrack,6,grpc-dpumesh,1024,22422,10,22421.000,246.00,12068.00,224219,0,0,0,0,0,0.999955,0.999996,0.000000,0.672425,0.663306,1.335731,2,1.955361,0,1,clean,/home/jukebox/DPUmesh/integrations/linkerd/bench/report/data/linkerd-20260810/open/raw/scout-1024-grpc-dpumesh-backtrack6-v1.result.attempt1.txt
scout-1024-grpc-dpumesh-backtrack6-v2,backtrack,6,grpc-dpumesh,1024,22422,10,22389.000,246.00,12552.00,224220,0,0,0,0,0,0.998528,1.000000,0.000000,0.672727,0.662320,1.335047,2,1.930586,0,1,clean,/home/jukebox/DPUmesh/integrations/linkerd/bench/report/data/linkerd-20260810/open/raw/scout-1024-grpc-dpumesh-backtrack6-v2.result.attempt1.txt
scout-1024-grpc-dpumesh-refine1-v1,refine,1,grpc-dpumesh,1024,26052,10,26059.000,249.00,211543.00,260520,0,0,0,0,0,1.000269,1.000000,0.000000,0.821075,0.802715,1.623790,2,2.166944,0,1,clean,/home/jukebox/DPUmesh/integrations/linkerd/bench/report/data/linkerd-20260810/open/raw/scout-1024-grpc-dpumesh-refine1-v1.result.attempt1.txt
scout-1024-grpc-dpumesh-refine1-v2,refine,1,grpc-dpumesh,1024,26052,10,26052.000,256.00,321283.00,260519,0,0,0,0,0,1.000000,0.999996,0.000000,0.828515,0.831674,1.660189,2,2.153752,0,1,clean,/home/jukebox/DPUmesh/integrations/linkerd/bench/report/data/linkerd-20260810/open/raw/scout-1024-grpc-dpumesh-refine1-v2.result.attempt1.txt
scout-1024-grpc-dpumesh-refine2-v1,refine,2,grpc-dpumesh,1024,28082,10,26792.000,180512.00,618059.00,280306,0,0,0,0,0,0.954063,0.998170,0.000000,0.878931,0.934188,1.813119,2,1.850561,0,0,achieved,/home/jukebox/DPUmesh/integrations/linkerd/bench/report/data/linkerd-20260810/open/raw/scout-1024-grpc-dpumesh-refine2-v1.result.attempt1.txt
scout-1024-grpc-dpumesh-refine2-v2,refine,2,grpc-dpumesh,1024,28082,10,28058.000,319.00,463207.00,280819,0,0,0,0,0,0.999145,0.999996,0.000000,0.906035,0.858924,1.764959,2,2.172087,0,1,clean,/home/jukebox/DPUmesh/integrations/linkerd/bench/report/data/linkerd-20260810/open/raw/scout-1024-grpc-dpumesh-refine2-v2.result.attempt1.txt
scout-1024-grpc-dpumesh-refine2-v3,refine,2,grpc-dpumesh,1024,28082,10,28082.000,353.00,371858.00,280819,0,0,0,0,0,1.000000,0.999996,0.000000,0.868832,0.839130,1.707962,2,2.143944,0,1,clean,/home/jukebox/DPUmesh/integrations/linkerd/bench/report/data/linkerd-20260810/open/raw/scout-1024-grpc-dpumesh-refine2-v3.result.attempt1.txt
scout-1024-grpc-dpumesh-refine3-v1,refine,3,grpc-dpumesh,1024,29155,10,26419.000,221155.00,1246792.06,291549,0,0,0,16478,0,0.906157,0.999997,0.000000,0.903445,0.970933,1.874378,2,1.728802,0,0,overflow+achieved,/home/jukebox/DPUmesh/integrations/linkerd/bench/report/data/linkerd-20260810/open/raw/scout-1024-grpc-dpumesh-refine3-v1.result.attempt1.txt
scout-1024-grpc-dpumesh-refine3-v2,refine,3,grpc-dpumesh,1024,29155,10,27987.000,152920.00,544675.00,291278,0,0,0,0,0,0.959938,0.999067,0.000000,0.915874,0.953407,1.869281,2,1.619625,0,0,achieved,/home/jukebox/DPUmesh/integrations/linkerd/bench/report/data/linkerd-20260810/open/raw/scout-1024-grpc-dpumesh-refine3-v2.result.attempt1.txt
scout-1024-grpc-dpumesh-refine4-v1,refine,4,grpc-dpumesh,1024,28613,10,28600.000,301.00,365805.00,286130,0,0,0,0,0,0.999546,1.000000,0.000000,0.880403,0.862577,1.742980,2,2.254865,0,1,clean,/home/jukebox/DPUmesh/integrations/linkerd/bench/report/data/linkerd-20260810/open/raw/scout-1024-grpc-dpumesh-refine4-v1.result.attempt1.txt
scout-1024-grpc-dpumesh-refine4-v2,refine,4,grpc-dpumesh,1024,28613,10,28379.000,321.00,49830.00,286129,0,0,0,0,0,0.991822,0.999997,0.000000,0.889262,0.857814,1.747076,2,2.355500,0,1,clean,/home/jukebox/DPUmesh/integrations/linkerd/bench/report/data/linkerd-20260810/open/raw/scout-1024-grpc-dpumesh-refine4-v2.result.attempt1.txt
scout-1024-grpc-envoy-permissive-pilot1-v1,pilot,1,grpc-envoy-permissive,1024,5000,2,4997.000,187.00,645.00,10000,0,0,0,0,0,0.999400,1.000000,0.000000,0.353307,0.392668,0.745975,2,NA,0,1,clean,/home/jukebox/DPUmesh/integrations/linkerd/bench/report/data/linkerd-20260810/open/raw/scout-1024-grpc-envoy-permissive-pilot1-v1.result.attempt1.txt
scout-1024-grpc-envoy-permissive-pilot2-v1,pilot,2,grpc-envoy-permissive,1024,6750,2,6747.000,185.00,655.00,13500,0,0,0,0,0,0.999556,1.000000,0.000000,0.472216,0.476360,0.948576,2,NA,0,1,clean,/home/jukebox/DPUmesh/integrations/linkerd/bench/report/data/linkerd-20260810/open/raw/scout-1024-grpc-envoy-permissive-pilot2-v1.result.attempt1.txt
scout-1024-grpc-envoy-permissive-pilot3-v1,pilot,3,grpc-envoy-permissive,1024,9113,2,9110.000,223.00,608.00,18226,0,0,0,0,0,0.999671,1.000000,0.000000,0.620933,0.572147,1.193080,2,NA,0,1,clean,/home/jukebox/DPUmesh/integrations/linkerd/bench/report/data/linkerd-20260810/open/raw/scout-1024-grpc-envoy-permissive-pilot3-v1.result.attempt1.txt
scout-1024-grpc-envoy-permissive-pilot4-v1,pilot,4,grpc-envoy-permissive,1024,12303,2,12300.000,200.00,303.00,24606,0,0,0,0,0,0.999756,1.000000,0.000000,0.841581,0.742424,1.584005,2,NA,0,1,clean,/home/jukebox/DPUmesh/integrations/linkerd/bench/report/data/linkerd-20260810/open/raw/scout-1024-grpc-envoy-permissive-pilot4-v1.result.attempt1.txt
scout-1024-grpc-envoy-permissive-pilot5-v1,pilot,5,grpc-envoy-permissive,1024,16609,2,16608.000,903.00,1250.00,33212,0,0,0,0,0,0.999940,0.999819,0.000000,0.981582,0.919114,1.900696,2,NA,0,1,clean,/home/jukebox/DPUmesh/integrations/linkerd/bench/report/data/linkerd-20260810/open/raw/scout-1024-grpc-envoy-permissive-pilot5-v1.result.attempt1.txt
scout-1024-grpc-envoy-permissive-pilot6-v1,pilot,6,grpc-envoy-permissive,1024,22422,2,22417.000,1250.00,1624.00,44843,0,0,0,0,0,0.999777,0.999978,0.000000,0.981605,0.942231,1.923836,2,NA,0,1,clean,/home/jukebox/DPUmesh/integrations/linkerd/bench/report/data/linkerd-20260810/open/raw/scout-1024-grpc-envoy-permissive-pilot6-v1.result.attempt1.txt
scout-1024-grpc-envoy-permissive-pilot7-v1,pilot,7,grpc-envoy-permissive,1024,30270,2,30271.000,1803.00,2385.00,60538,0,0,0,0,0,1.000033,0.999967,0.000000,0.981988,0.939846,1.921834,2,NA,0,1,clean,/home/jukebox/DPUmesh/integrations/linkerd/bench/report/data/linkerd-20260810/open/raw/scout-1024-grpc-envoy-permissive-pilot7-v1.result.attempt1.txt
scout-1024-grpc-envoy-permissive-pilot8-v1,pilot,8,grpc-envoy-permissive,1024,40865,2,40909.000,4241.00,6374.00,81678,0,0,0,0,0,1.001077,0.999364,0.000000,0.981844,0.905054,1.886898,2,NA,0,1,clean,/home/jukebox/DPUmesh/integrations/linkerd/bench/report/data/linkerd-20260810/open/raw/scout-1024-grpc-envoy-permissive-pilot8-v1.result.attempt1.txt
scout-1024-grpc-envoy-permissive-pilot9-v1,pilot,9,grpc-envoy-permissive,1024,55168,2,44533.000,226222.00,414730.00,99962,0,0,0,0,0,0.807225,0.905978,0.000000,0.983047,0.887543,1.870590,2,NA,0,0,achieved+scheduler,/home/jukebox/DPUmesh/integrations/linkerd/bench/report/data/linkerd-20260810/open/raw/scout-1024-grpc-envoy-permissive-pilot9-v1.result.attempt1.txt
scout-1024-grpc-envoy-permissive-validate9-v1,validate,9,grpc-envoy-permissive,1024,55168,10,44930.000,968775.00,1994125.52,485517,0,0,0,201912,0,0.814421,0.880070,0.000000,0.996502,0.891446,1.887948,2,NA,0,0,overflow+achieved+scheduler,/home/jukebox/DPUmesh/integrations/linkerd/bench/report/data/linkerd-20260810/open/raw/scout-1024-grpc-envoy-permissive-validate9-v1.result.attempt1.txt
scout-1024-grpc-envoy-permissive-validate9-v2,validate,9,grpc-envoy-permissive,1024,55168,10,44713.000,992299.00,1989671.05,481404,0,0,0,208848,0,0.810488,0.872615,0.000000,0.996488,0.890989,1.887477,2,NA,0,0,overflow+achieved+scheduler,/home/jukebox/DPUmesh/integrations/linkerd/bench/report/data/linkerd-20260810/open/raw/scout-1024-grpc-envoy-permissive-validate9-v2.result.attempt1.txt
scout-1024-grpc-envoy-permissive-backtrack8-v1,backtrack,8,grpc-envoy-permissive,1024,40865,10,40872.000,3960.00,5758.00,408627,0,0,0,0,0,1.000171,0.999944,0.000000,0.996300,0.916413,1.912713,2,NA,0,1,clean,/home/jukebox/DPUmesh/integrations/linkerd/bench/report/data/linkerd-20260810/open/raw/scout-1024-grpc-envoy-permissive-backtrack8-v1.result.attempt1.txt
scout-1024-grpc-envoy-permissive-backtrack8-v2,backtrack,8,grpc-envoy-permissive,1024,40865,10,40867.000,3858.00,5802.00,408649,0,0,0,0,0,1.000049,0.999998,0.000000,0.996308,0.920802,1.917110,2,NA,0,1,clean,/home/jukebox/DPUmesh/integrations/linkerd/bench/report/data/linkerd-20260810/open/raw/scout-1024-grpc-envoy-permissive-backtrack8-v2.result.attempt1.txt
scout-1024-grpc-envoy-permissive-refine1-v1,refine,1,grpc-envoy-permissive,1024,47481,10,47482.000,14481.00,23311.00,474731,0,0,0,0,0,1.000021,0.999834,0.000000,0.996260,0.934764,1.931024,2,NA,0,1,clean,/home/jukebox/DPUmesh/integrations/linkerd/bench/report/data/linkerd-20260810/open/raw/scout-1024-grpc-envoy-permissive-refine1-v1.result.attempt1.txt
scout-1024-grpc-envoy-permissive-refine1-v2,refine,1,grpc-envoy-permissive,1024,47481,10,47452.000,14404.00,25236.00,474696,0,0,0,0,0,0.999389,0.999760,0.000000,0.996214,0.936314,1.932528,2,NA,0,1,clean,/home/jukebox/DPUmesh/integrations/linkerd/bench/report/data/linkerd-20260810/open/raw/scout-1024-grpc-envoy-permissive-refine1-v2.result.attempt1.txt
scout-1024-grpc-envoy-permissive-refine2-v1,refine,2,grpc-envoy-permissive,1024,51180,10,45014.000,614802.00,1289836.69,483330,0,0,0,62281,0,0.879523,0.944373,0.000000,0.996212,0.892113,1.888325,2,NA,0,0,overflow+achieved+scheduler,/home/jukebox/DPUmesh/integrations/linkerd/bench/report/data/linkerd-20260810/open/raw/scout-1024-grpc-envoy-permissive-refine2-v1.result.attempt1.txt
scout-1024-grpc-envoy-permissive-refine2-v2,refine,2,grpc-envoy-permissive,1024,51180,10,44970.000,628713.00,1288669.33,478269,0,0,0,64809,0,0.878664,0.934484,0.000000,0.996500,0.898460,1.894960,2,NA,0,0,overflow+achieved+scheduler,/home/jukebox/DPUmesh/integrations/linkerd/bench/report/data/linkerd-20260810/open/raw/scout-1024-grpc-envoy-permissive-refine2-v2.result.attempt1.txt
scout-1024-grpc-envoy-permissive-refine3-v1,refine,3,grpc-envoy-permissive,1024,49296,10,45141.000,429112.00,869314.00,469972,0,0,0,0,0,0.915713,0.953367,0.000000,0.996192,0.893453,1.889645,2,NA,0,0,achieved+scheduler,/home/jukebox/DPUmesh/integrations/linkerd/bench/report/data/linkerd-20260810/open/raw/scout-1024-grpc-envoy-permissive-refine3-v1.result.attempt1.txt
scout-1024-grpc-envoy-permissive-refine3-v2,refine,3,grpc-envoy-permissive,1024,49296,10,45281.000,415520.00,846200.00,472820,0,0,0,0,0,0.918553,0.959145,0.000000,0.996325,0.898074,1.894399,2,NA,0,0,achieved+scheduler,/home/jukebox/DPUmesh/integrations/linkerd/bench/report/data/linkerd-20260810/open/raw/scout-1024-grpc-envoy-permissive-refine3-v2.result.attempt1.txt
scout-1024-grpc-envoy-permissive-refine4-v1,refine,4,grpc-envoy-permissive,1024,48380,10,48377.000,16962.00,35006.00,483579,0,0,0,0,0,0.999938,0.999543,0.000000,0.996195,0.943799,1.939994,2,NA,0,1,clean,/home/jukebox/DPUmesh/integrations/linkerd/bench/report/data/linkerd-20260810/open/raw/scout-1024-grpc-envoy-permissive-refine4-v1.result.attempt1.txt
scout-1024-grpc-envoy-permissive-refine4-v2,refine,4,grpc-envoy-permissive,1024,48380,10,48382.000,17324.00,30510.00,483572,0,0,0,0,0,1.000041,0.999529,0.000000,0.996283,0.946201,1.942484,2,NA,0,1,clean,/home/jukebox/DPUmesh/integrations/linkerd/bench/report/data/linkerd-20260810/open/raw/scout-1024-grpc-envoy-permissive-refine4-v2.result.attempt1.txt
scout-1024-grpc-envoy-strict-pilot1-v1,pilot,1,grpc-envoy-strict,1024,5000,2,4998.000,190.00,235.00,10000,0,0,0,0,0,0.999600,1.000000,0.000000,0.371502,0.325240,0.696742,2,NA,0,1,clean,/home/jukebox/DPUmesh/integrations/linkerd/bench/report/data/linkerd-20260810/open/raw/scout-1024-grpc-envoy-strict-pilot1-v1.result.attempt1.txt
scout-1024-grpc-envoy-strict-pilot2-v1,pilot,2,grpc-envoy-strict,1024,6750,2,6747.000,189.00,242.00,13500,0,0,0,0,0,0.999556,1.000000,0.000000,0.498887,0.434214,0.933101,2,NA,0,1,clean,/home/jukebox/DPUmesh/integrations/linkerd/bench/report/data/linkerd-20260810/open/raw/scout-1024-grpc-envoy-strict-pilot2-v1.result.attempt1.txt
scout-1024-grpc-envoy-strict-pilot3-v1,pilot,3,grpc-envoy-strict,1024,9113,2,9111.000,229.00,694.00,18226,0,0,0,0,0,0.999781,1.000000,0.000000,0.664173,0.596120,1.260293,2,NA,0,1,clean,/home/jukebox/DPUmesh/integrations/linkerd/bench/report/data/linkerd-20260810/open/raw/scout-1024-grpc-envoy-strict-pilot3-v1.result.attempt1.txt
scout-1024-grpc-envoy-strict-pilot4-v1,pilot,4,grpc-envoy-strict,1024,12303,2,12300.000,203.00,309.00,24606,0,0,0,0,0,0.999756,1.000000,0.000000,0.884178,0.773212,1.657390,2,NA,0,1,clean,/home/jukebox/DPUmesh/integrations/linkerd/bench/report/data/linkerd-20260810/open/raw/scout-1024-grpc-envoy-strict-pilot4-v1.result.attempt1.txt
scout-1024-grpc-envoy-strict-pilot5-v1,pilot,5,grpc-envoy-strict,1024,16609,2,16604.000,1097.00,1437.00,33212,0,0,0,0,0,0.999699,0.999819,0.000000,0.981566,0.925822,1.907388,2,NA,0,1,clean,/home/jukebox/DPUmesh/integrations/linkerd/bench/report/data/linkerd-20260810/open/raw/scout-1024-grpc-envoy-strict-pilot5-v1.result.attempt1.txt
scout-1024-grpc-envoy-strict-pilot6-v1,pilot,6,grpc-envoy-strict,1024,22422,2,22417.000,1406.00,1790.00,44838,0,0,0,0,0,0.999777,0.999866,0.000000,0.981474,0.956859,1.938333,2,NA,0,1,clean,/home/jukebox/DPUmesh/integrations/linkerd/bench/report/data/linkerd-20260810/open/raw/scout-1024-grpc-envoy-strict-pilot6-v1.result.attempt1.txt
scout-1024-grpc-envoy-strict-pilot7-v1,pilot,7,grpc-envoy-strict,1024,30270,2,30269.000,2099.00,2767.00,60524,0,0,0,0,0,0.999967,0.999736,0.000000,0.981805,0.918940,1.900745,2,NA,0,1,clean,/home/jukebox/DPUmesh/integrations/linkerd/bench/report/data/linkerd-20260810/open/raw/scout-1024-grpc-envoy-strict-pilot7-v1.result.attempt1.txt
scout-1024-grpc-envoy-strict-pilot8-v1,pilot,8,grpc-envoy-strict,1024,40865,2,40882.000,4715.00,7561.00,81707,0,0,0,0,0,1.000416,0.999719,0.000000,0.981655,0.909211,1.890866,2,NA,0,1,clean,/home/jukebox/DPUmesh/integrations/linkerd/bench/report/data/linkerd-20260810/open/raw/scout-1024-grpc-envoy-strict-pilot8-v1.result.attempt1.txt
scout-1024-grpc-envoy-strict-pilot9-v1,pilot,9,grpc-envoy-strict,1024,55168,2,41985.000,268571.00,527799.00,96625,0,0,0,0,0,0.761039,0.875734,0.000000,0.981216,0.874033,1.855249,2,NA,0,0,achieved+scheduler,/home/jukebox/DPUmesh/integrations/linkerd/bench/report/data/linkerd-20260810/open/raw/scout-1024-grpc-envoy-strict-pilot9-v1.result.attempt1.txt
scout-1024-grpc-envoy-strict-validate9-v1,validate,9,grpc-envoy-strict,1024,55168,10,42788.000,2363974.78,2363974.78,482214,0,0,0,232716,0,0.775595,0.874083,0.000000,0.996376,0.893151,1.889527,2,NA,0,0,overflow+achieved+scheduler,/home/jukebox/DPUmesh/integrations/linkerd/bench/report/data/linkerd-20260810/open/raw/scout-1024-grpc-envoy-strict-validate9-v1.result.attempt1.txt
scout-1024-grpc-envoy-strict-validate9-v2,validate,9,grpc-envoy-strict,1024,55168,10,42924.000,2316051.36,2316051.36,500013,0,0,0,235042,0,0.778060,0.906346,0.000000,0.996332,0.894726,1.891058,2,NA,0,0,overflow+achieved+scheduler,/home/jukebox/DPUmesh/integrations/linkerd/bench/report/data/linkerd-20260810/open/raw/scout-1024-grpc-envoy-strict-validate9-v2.result.attempt1.txt
scout-1024-grpc-envoy-strict-backtrack8-v1,backtrack,8,grpc-envoy-strict,1024,40865,10,40886.000,4562.00,7132.00,408645,0,0,0,0,0,1.000514,0.999988,0.000000,0.996260,0.930597,1.926857,2,NA,0,1,clean,/home/jukebox/DPUmesh/integrations/linkerd/bench/report/data/linkerd-20260810/open/raw/scout-1024-grpc-envoy-strict-backtrack8-v1.result.attempt1.txt
scout-1024-grpc-envoy-strict-backtrack8-v2,backtrack,8,grpc-envoy-strict,1024,40865,10,40876.000,4596.00,6950.00,408623,0,0,0,0,0,1.000269,0.999934,0.000000,0.996202,0.930078,1.926280,2,NA,0,1,clean,/home/jukebox/DPUmesh/integrations/linkerd/bench/report/data/linkerd-20260810/open/raw/scout-1024-grpc-envoy-strict-backtrack8-v2.result.attempt1.txt
scout-1024-grpc-envoy-strict-refine1-v1,refine,1,grpc-envoy-strict,1024,47481,10,43067.000,459588.00,948512.00,450282,0,0,0,0,0,0.907036,0.948341,0.000000,0.996322,0.899704,1.896026,2,NA,0,0,achieved+scheduler,/home/jukebox/DPUmesh/integrations/linkerd/bench/report/data/linkerd-20260810/open/raw/scout-1024-grpc-envoy-strict-refine1-v1.result.attempt1.txt
scout-1024-grpc-envoy-strict-refine1-v2,refine,1,grpc-envoy-strict,1024,47481,10,42872.000,472789.00,990494.00,449384,0,0,0,315,0,0.902930,0.946450,0.000000,0.996311,0.893801,1.890112,2,NA,0,0,overflow+achieved+scheduler,/home/jukebox/DPUmesh/integrations/linkerd/bench/report/data/linkerd-20260810/open/raw/scout-1024-grpc-envoy-strict-refine1-v2.result.attempt1.txt
scout-1024-grpc-envoy-strict-refine2-v1,refine,2,grpc-envoy-strict,1024,44049,10,44055.000,11368.00,17340.00,440412,0,0,0,0,0,1.000136,0.999823,0.000000,0.996169,0.922515,1.918684,2,NA,0,1,clean,/home/jukebox/DPUmesh/integrations/linkerd/bench/report/data/linkerd-20260810/open/raw/scout-1024-grpc-envoy-strict-refine2-v1.result.attempt1.txt
scout-1024-grpc-envoy-strict-refine2-v2,refine,2,grpc-envoy-strict,1024,44049,10,44059.000,11422.00,18098.00,440468,0,0,0,0,0,1.000227,0.999950,0.000000,0.996176,0.923309,1.919485,2,NA,0,1,clean,/home/jukebox/DPUmesh/integrations/linkerd/bench/report/data/linkerd-20260810/open/raw/scout-1024-grpc-envoy-strict-refine2-v2.result.attempt1.txt
scout-1024-grpc-envoy-strict-refine3-v1,refine,3,grpc-envoy-strict,1024,45733,10,45714.000,15166.00,23383.00,457217,0,0,0,0,0,0.999585,0.999753,0.000000,0.996285,0.944358,1.940643,2,NA,0,1,clean,/home/jukebox/DPUmesh/integrations/linkerd/bench/report/data/linkerd-20260810/open/raw/scout-1024-grpc-envoy-strict-refine3-v1.result.attempt1.txt
scout-1024-grpc-envoy-strict-refine3-v2,refine,3,grpc-envoy-strict,1024,45733,10,45721.000,15111.00,26657.00,457223,0,0,0,0,0,0.999738,0.999766,0.000000,0.996207,0.944591,1.940798,2,NA,0,1,clean,/home/jukebox/DPUmesh/integrations/linkerd/bench/report/data/linkerd-20260810/open/raw/scout-1024-grpc-envoy-strict-refine3-v2.result.attempt1.txt
scout-1024-grpc-envoy-strict-refine4-v1,refine,4,grpc-envoy-strict,1024,46599,10,46555.000,20131.00,41216.00,465802,0,0,0,0,0,0.999056,0.999597,0.000000,0.996263,0.952871,1.949134,2,NA,0,1,clean,/home/jukebox/DPUmesh/integrations/linkerd/bench/report/data/linkerd-20260810/open/raw/scout-1024-grpc-envoy-strict-refine4-v1.result.attempt1.txt
scout-1024-grpc-envoy-strict-refine4-v2,refine,4,grpc-envoy-strict,1024,46599,10,46100.000,22755.00,159155.00,462620,0,0,0,0,0,0.989292,0.992768,0.000000,0.996242,0.951469,1.947711,2,NA,0,1,clean,/home/jukebox/DPUmesh/integrations/linkerd/bench/report/data/linkerd-20260810/open/raw/scout-1024-grpc-envoy-strict-refine4-v2.result.attempt1.txt
scout-1024-grpc-linkerd-pilot1-v1,pilot,1,grpc-linkerd,1024,5000,2,4997.000,423.00,465.00,10000,0,0,0,0,0,0.999400,1.000000,0.000000,0.834657,0.671185,1.505842,2,NA,0,1,clean,/home/jukebox/DPUmesh/integrations/linkerd/bench/report/data/linkerd-20260810/open/raw/scout-1024-grpc-linkerd-pilot1-v1.result.attempt1.txt
scout-1024-grpc-linkerd-pilot2-v1,pilot,2,grpc-linkerd,1024,6750,2,6747.000,966.00,2101.00,13500,0,0,0,0,0,0.999556,1.000000,0.000000,0.965493,0.760041,1.725534,2,NA,0,1,clean,/home/jukebox/DPUmesh/integrations/linkerd/bench/report/data/linkerd-20260810/open/raw/scout-1024-grpc-linkerd-pilot2-v1.result.attempt1.txt
scout-1024-grpc-linkerd-pilot3-v1,pilot,3,grpc-linkerd,1024,9113,2,9110.000,2600.00,3521.00,18218,0,0,0,0,0,0.999671,0.999561,0.000000,0.981682,0.737787,1.719469,2,NA,0,1,clean,/home/jukebox/DPUmesh/integrations/linkerd/bench/report/data/linkerd-20260810/open/raw/scout-1024-grpc-linkerd-pilot3-v1.result.attempt1.txt
scout-1024-grpc-linkerd-pilot4-v1,pilot,4,grpc-linkerd,1024,12303,2,12295.000,6915.00,9162.00,24583,0,0,0,0,0,0.999350,0.999065,0.000000,0.981700,0.821953,1.803653,2,NA,0,1,clean,/home/jukebox/DPUmesh/integrations/linkerd/bench/report/data/linkerd-20260810/open/raw/scout-1024-grpc-linkerd-pilot4-v1.result.attempt1.txt
scout-1024-grpc-linkerd-pilot5-v1,pilot,5,grpc-linkerd,1024,16609,2,7613.000,487662.00,1171914.56,33168,0,0,2439,230,0,0.458366,0.998495,0.000000,0.986096,0.647461,1.633557,2,NA,0,0,fail+overflow+achieved,/home/jukebox/DPUmesh/integrations/linkerd/bench/report/data/linkerd-20260810/open/raw/scout-1024-grpc-linkerd-pilot5-v1.result.attempt1.txt
scout-1024-grpc-linkerd-validate5-v1,validate,5,grpc-linkerd,1024,16609,10,5405.000,5837208.47,5837208.47,166037,0,0,85860,38829,0,0.325426,0.999681,0.000000,0.993262,0.408199,1.401461,2,NA,0,0,fail+overflow+achieved,/home/jukebox/DPUmesh/integrations/linkerd/bench/report/data/linkerd-20260810/open/raw/scout-1024-grpc-linkerd-validate5-v1.result.attempt1.txt
scout-1024-grpc-linkerd-validate5-v2,validate,5,grpc-linkerd,1024,16609,10,5400.000,5755370.35,5755370.35,165961,0,0,85871,38820,0,0.325125,0.999223,0.000000,0.996488,0.409708,1.406196,2,NA,0,0,fail+overflow+achieved,/home/jukebox/DPUmesh/integrations/linkerd/bench/report/data/linkerd-20260810/open/raw/scout-1024-grpc-linkerd-validate5-v2.result.attempt1.txt
scout-1024-grpc-linkerd-backtrack4-v1,backtrack,4,grpc-linkerd,1024,12303,10,12333.000,7364.00,20731.00,123018,0,0,0,0,0,1.002438,0.999902,0.000000,0.996127,0.836754,1.832881,2,NA,0,1,clean,/home/jukebox/DPUmesh/integrations/linkerd/bench/report/data/linkerd-20260810/open/raw/scout-1024-grpc-linkerd-backtrack4-v1.result.attempt1.txt
scout-1024-grpc-linkerd-backtrack4-v2,backtrack,4,grpc-linkerd,1024,12303,10,12306.000,7060.00,9681.00,123000,0,0,0,0,0,1.000244,0.999756,0.000000,0.996448,0.838493,1.834941,2,NA,0,1,clean,/home/jukebox/DPUmesh/integrations/linkerd/bench/report/data/linkerd-20260810/open/raw/scout-1024-grpc-linkerd-backtrack4-v2.result.attempt1.txt
scout-1024-grpc-linkerd-refine1-v1,refine,1,grpc-linkerd,1024,14295,10,7808.000,5200308.95,5200308.95,142907,0,0,34689,47555,0,0.546205,0.999699,0.000000,0.996152,0.617352,1.613504,2,NA,0,0,fail+overflow+achieved,/home/jukebox/DPUmesh/integrations/linkerd/bench/report/data/linkerd-20260810/open/raw/scout-1024-grpc-linkerd-refine1-v1.result.attempt1.txt
scout-1024-grpc-linkerd-refine1-v2,refine,1,grpc-linkerd,1024,14295,10,7871.000,5976690.85,5976690.85,142930,0,0,33324,47834,0,0.550612,0.999860,0.000000,0.996358,0.619870,1.616228,2,NA,0,0,fail+overflow+achieved,/home/jukebox/DPUmesh/integrations/linkerd/bench/report/data/linkerd-20260810/open/raw/scout-1024-grpc-linkerd-refine1-v2.result.attempt1.txt
scout-1024-grpc-linkerd-refine2-v1,refine,2,grpc-linkerd,1024,13262,10,13305.000,18797.00,50295.00,132554,0,0,0,0,0,1.003242,0.999502,0.000000,0.996420,0.858885,1.855305,2,NA,0,1,clean,/home/jukebox/DPUmesh/integrations/linkerd/bench/report/data/linkerd-20260810/open/raw/scout-1024-grpc-linkerd-refine2-v1.result.attempt1.txt
scout-1024-grpc-linkerd-refine2-v2,refine,2,grpc-linkerd,1024,13262,10,13264.000,14007.00,22028.00,132590,0,0,0,0,0,1.000151,0.999774,0.000000,0.996192,0.861801,1.857993,2,NA,0,1,clean,/home/jukebox/DPUmesh/integrations/linkerd/bench/report/data/linkerd-20260810/open/raw/scout-1024-grpc-linkerd-refine2-v2.result.attempt1.txt
scout-1024-grpc-linkerd-refine3-v1,refine,3,grpc-linkerd,1024,13769,10,8624.000,4753521.88,4753521.88,137668,0,0,20839,45947,0,0.626335,0.999840,0.000000,0.996300,0.680024,1.676324,2,NA,0,0,fail+overflow+achieved,/home/jukebox/DPUmesh/integrations/linkerd/bench/report/data/linkerd-20260810/open/raw/scout-1024-grpc-linkerd-refine3-v1.result.attempt1.txt
scout-1024-grpc-linkerd-refine3-v2,refine,3,grpc-linkerd,1024,13769,10,8619.000,4778715.36,4778715.36,137644,0,0,20011,47199,0,0.625971,0.999666,0.000000,0.995888,0.681438,1.677326,2,NA,0,0,fail+overflow+achieved,/home/jukebox/DPUmesh/integrations/linkerd/bench/report/data/linkerd-20260810/open/raw/scout-1024-grpc-linkerd-refine3-v2.result.attempt1.txt
scout-1024-grpc-linkerd-refine4-v1,refine,4,grpc-linkerd,1024,13513,10,9100.000,4348729.07,4348729.07,135120,0,0,12868,45044,0,0.673426,0.999926,0.000000,0.995942,0.718307,1.714249,2,NA,0,0,fail+overflow+achieved,/home/jukebox/DPUmesh/integrations/linkerd/bench/report/data/linkerd-20260810/open/raw/scout-1024-grpc-linkerd-refine4-v1.result.attempt1.txt
scout-1024-grpc-linkerd-refine4-v2,refine,4,grpc-linkerd,1024,13513,10,9219.000,970767.00,4205200.64,135080,0,0,12293,43178,0,0.682232,0.999630,0.000000,0.997035,0.719300,1.716335,2,NA,0,0,fail+overflow+achieved,/home/jukebox/DPUmesh/integrations/linkerd/bench/report/data/linkerd-20260810/open/raw/scout-1024-grpc-linkerd-refine4-v2.result.attempt1.txt
scout-1024-grpc-linkerd-opaque-pilot1-v1,pilot,1,grpc-linkerd-opaque,1024,5000,2,4997.000,210.00,638.00,10000,0,0,0,0,0,0.999400,1.000000,0.000000,0.316259,0.456674,0.772933,2,NA,0,1,clean,/home/jukebox/DPUmesh/integrations/linkerd/bench/report/data/linkerd-20260810/open/raw/scout-1024-grpc-linkerd-opaque-pilot1-v1.result.attempt1.txt
scout-1024-grpc-linkerd-opaque-pilot2-v1,pilot,2,grpc-linkerd-opaque,1024,6750,2,6747.000,180.00,212.00,13500,0,0,0,0,0,0.999556,1.000000,0.000000,0.464592,0.399453,0.864045,2,NA,0,1,clean,/home/jukebox/DPUmesh/integrations/linkerd/bench/report/data/linkerd-20260810/open/raw/scout-1024-grpc-linkerd-opaque-pilot2-v1.result.attempt1.txt
scout-1024-grpc-linkerd-opaque-pilot3-v1,pilot,3,grpc-linkerd-opaque,1024,9113,2,9111.000,222.00,623.00,18226,0,0,0,0,0,0.999781,1.000000,0.000000,0.598017,0.567727,1.165744,2,NA,0,1,clean,/home/jukebox/DPUmesh/integrations/linkerd/bench/report/data/linkerd-20260810/open/raw/scout-1024-grpc-linkerd-opaque-pilot3-v1.result.attempt1.txt
scout-1024-grpc-linkerd-opaque-pilot4-v1,pilot,4,grpc-linkerd-opaque,1024,12303,2,12300.000,196.00,234.00,24606,0,0,0,0,0,0.999756,1.000000,0.000000,0.797659,0.715453,1.513112,2,NA,0,1,clean,/home/jukebox/DPUmesh/integrations/linkerd/bench/report/data/linkerd-20260810/open/raw/scout-1024-grpc-linkerd-opaque-pilot4-v1.result.attempt1.txt
scout-1024-grpc-linkerd-opaque-pilot5-v1,pilot,5,grpc-linkerd-opaque,1024,16609,2,16607.000,305.00,445.00,33217,0,0,0,0,0,0.999880,0.999970,0.000000,0.970740,0.921344,1.892084,2,NA,0,1,clean,/home/jukebox/DPUmesh/integrations/linkerd/bench/report/data/linkerd-20260810/open/raw/scout-1024-grpc-linkerd-opaque-pilot5-v1.result.attempt1.txt
scout-1024-grpc-linkerd-opaque-pilot6-v1,pilot,6,grpc-linkerd-opaque,1024,22422,2,22421.000,1071.00,1369.00,44841,0,0,0,0,0,0.999955,0.999933,0.000000,0.981791,0.894638,1.876429,2,NA,0,1,clean,/home/jukebox/DPUmesh/integrations/linkerd/bench/report/data/linkerd-20260810/open/raw/scout-1024-grpc-linkerd-opaque-pilot6-v1.result.attempt1.txt
scout-1024-grpc-linkerd-opaque-pilot7-v1,pilot,7,grpc-linkerd-opaque,1024,30270,2,30261.000,1733.00,2331.00,60531,0,0,0,0,0,0.999703,0.999851,0.000000,0.982283,0.915942,1.898225,2,NA,0,1,clean,/home/jukebox/DPUmesh/integrations/linkerd/bench/report/data/linkerd-20260810/open/raw/scout-1024-grpc-linkerd-opaque-pilot7-v1.result.attempt1.txt
scout-1024-grpc-linkerd-opaque-pilot8-v1,pilot,8,grpc-linkerd-opaque,1024,40865,2,40913.000,7784.00,12197.00,81697,0,0,0,0,0,1.001175,0.999596,0.000000,0.946920,0.855963,1.802883,2,NA,0,1,clean,/home/jukebox/DPUmesh/integrations/linkerd/bench/report/data/linkerd-20260810/open/raw/scout-1024-grpc-linkerd-opaque-pilot8-v1.result.attempt1.txt
scout-1024-grpc-linkerd-opaque-pilot9-v1,pilot,9,grpc-linkerd-opaque,1024,55168,2,40612.000,283068.00,559663.00,97121,0,0,0,0,0,0.736151,0.880229,0.000000,0.979876,0.872176,1.852052,2,NA,0,0,achieved+scheduler,/home/jukebox/DPUmesh/integrations/linkerd/bench/report/data/linkerd-20260810/open/raw/scout-1024-grpc-linkerd-opaque-pilot9-v1.result.attempt1.txt
scout-1024-grpc-linkerd-opaque-validate9-v1,validate,9,grpc-linkerd-opaque,1024,55168,10,41406.000,2706893.07,2706893.07,464422,0,0,0,245772,0,0.750544,0.841832,0.000000,0.996394,0.885557,1.881951,2,NA,0,0,overflow+achieved+scheduler,/home/jukebox/DPUmesh/integrations/linkerd/bench/report/data/linkerd-20260810/open/raw/scout-1024-grpc-linkerd-opaque-validate9-v1.result.attempt1.txt
scout-1024-grpc-linkerd-opaque-validate9-v2,validate,9,grpc-linkerd-opaque,1024,55168,10,41313.000,2652172.98,2652172.98,494516,0,0,0,243282,0,0.748858,0.896382,0.000000,0.996254,0.886331,1.882585,2,NA,0,0,overflow+achieved+scheduler,/home/jukebox/DPUmesh/integrations/linkerd/bench/report/data/linkerd-20260810/open/raw/scout-1024-grpc-linkerd-opaque-validate9-v2.result.attempt1.txt
scout-1024-grpc-linkerd-opaque-backtrack8-v1,backtrack,8,grpc-linkerd-opaque,1024,40865,10,40887.000,7635.00,10990.00,408610,0,0,0,0,0,1.000538,0.999902,0.000000,0.996126,0.889692,1.885818,2,NA,0,1,clean,/home/jukebox/DPUmesh/integrations/linkerd/bench/report/data/linkerd-20260810/open/raw/scout-1024-grpc-linkerd-opaque-backtrack8-v1.result.attempt1.txt
scout-1024-grpc-linkerd-opaque-backtrack8-v2,backtrack,8,grpc-linkerd-opaque,1024,40865,10,40857.000,7651.00,10756.00,408566,0,0,0,0,0,0.999804,0.999794,0.000000,0.996295,0.889924,1.886219,2,NA,0,1,clean,/home/jukebox/DPUmesh/integrations/linkerd/bench/report/data/linkerd-20260810/open/raw/scout-1024-grpc-linkerd-opaque-backtrack8-v2.result.attempt1.txt
scout-1024-grpc-linkerd-opaque-refine1-v1,refine,1,grpc-linkerd-opaque,1024,47481,10,41296.000,680663.00,1398505.55,433807,0,0,0,84991,0,0.869737,0.913643,0.000000,0.996112,0.885435,1.881547,2,NA,0,0,overflow+achieved+scheduler,/home/jukebox/DPUmesh/integrations/linkerd/bench/report/data/linkerd-20260810/open/raw/scout-1024-grpc-linkerd-opaque-refine1-v1.result.attempt1.txt
scout-1024-grpc-linkerd-opaque-refine1-v2,refine,1,grpc-linkerd-opaque,1024,47481,10,41430.000,674086.00,1405236.55,442756,0,0,0,81467,0,0.872560,0.932491,0.000000,0.996103,0.883079,1.879182,2,NA,0,0,overflow+achieved+scheduler,/home/jukebox/DPUmesh/integrations/linkerd/bench/report/data/linkerd-20260810/open/raw/scout-1024-grpc-linkerd-opaque-refine1-v2.result.attempt1.txt
scout-1024-grpc-linkerd-opaque-refine2-v1,refine,2,grpc-linkerd-opaque,1024,44049,10,44047.000,24191.00,50662.00,440373,0,0,0,0,0,0.999955,0.999734,0.000000,0.996078,0.928795,1.924873,2,NA,0,1,clean,/home/jukebox/DPUmesh/integrations/linkerd/bench/report/data/linkerd-20260810/open/raw/scout-1024-grpc-linkerd-opaque-refine2-v1.result.attempt1.txt
scout-1024-grpc-linkerd-opaque-refine2-v2,refine,2,grpc-linkerd-opaque,1024,44049,10,43985.000,24216.00,46294.00,440217,0,0,0,0,0,0.998547,0.999380,0.000000,0.996256,0.927176,1.923432,2,NA,0,1,clean,/home/jukebox/DPUmesh/integrations/linkerd/bench/report/data/linkerd-20260810/open/raw/scout-1024-grpc-linkerd-opaque-refine2-v2.result.attempt1.txt
scout-1024-grpc-linkerd-opaque-refine3-v1,refine,3,grpc-linkerd-opaque,1024,45733,10,41402.000,481703.00,974744.00,434775,0,0,0,44,0,0.905298,0.950681,0.000000,0.996527,0.886313,1.882840,2,NA,0,0,overflow+achieved+scheduler,/home/jukebox/DPUmesh/integrations/linkerd/bench/report/data/linkerd-20260810/open/raw/scout-1024-grpc-linkerd-opaque-refine3-v1.result.attempt1.txt
scout-1024-grpc-linkerd-opaque-refine3-v2,refine,3,grpc-linkerd-opaque,1024,45733,10,41196.000,518073.00,1035150.00,437252,0,0,0,2778,0,0.900794,0.956097,0.000000,0.996303,0.881570,1.877873,2,NA,0,0,overflow+achieved+scheduler,/home/jukebox/DPUmesh/integrations/linkerd/bench/report/data/linkerd-20260810/open/raw/scout-1024-grpc-linkerd-opaque-refine3-v2.result.attempt1.txt
scout-1024-grpc-linkerd-opaque-refine4-v1,refine,4,grpc-linkerd-opaque,1024,44883,10,41397.000,394403.00,797292.00,439274,0,0,0,0,0,0.922331,0.978709,0.000000,0.996068,0.884122,1.880190,2,NA,0,0,achieved+scheduler,/home/jukebox/DPUmesh/integrations/linkerd/bench/report/data/linkerd-20260810/open/raw/scout-1024-grpc-linkerd-opaque-refine4-v1.result.attempt1.txt
scout-1024-grpc-linkerd-opaque-refine4-v2,refine,4,grpc-linkerd-opaque,1024,44883,10,41570.000,372054.00,793836.00,432411,0,0,0,0,0,0.926186,0.963418,0.000000,0.996280,0.883321,1.879601,2,NA,0,0,achieved+scheduler,/home/jukebox/DPUmesh/integrations/linkerd/bench/report/data/linkerd-20260810/open/raw/scout-1024-grpc-linkerd-opaque-refine4-v2.result.attempt1.txt
scout-8192-grpc-linkerd-pilot1-v1,pilot,1,grpc-linkerd,8192,5000,2,4997.000,439.00,965.00,10000,0,0,0,0,0,0.999400,1.000000,0.000000,0.909907,0.761239,1.671146,2,NA,0,1,clean,/home/jukebox/DPUmesh/integrations/linkerd/bench/report/data/linkerd-20260810/open/raw/scout-8192-grpc-linkerd-pilot1-v1.result.attempt1.txt
scout-8192-grpc-linkerd-pilot2-v1,pilot,2,grpc-linkerd,8192,6750,2,6749.000,1881.00,2997.00,13497,0,0,0,0,0,0.999852,0.999778,0.000000,0.968045,0.732195,1.700240,2,NA,0,1,clean,/home/jukebox/DPUmesh/integrations/linkerd/bench/report/data/linkerd-20260810/open/raw/scout-8192-grpc-linkerd-pilot2-v1.result.attempt1.txt
scout-8192-grpc-linkerd-pilot3-v1,pilot,3,grpc-linkerd,8192,9113,2,9108.000,3975.00,5355.00,18223,0,0,0,0,0,0.999451,0.999835,0.000000,0.981599,0.766554,1.748153,2,NA,0,1,clean,/home/jukebox/DPUmesh/integrations/linkerd/bench/report/data/linkerd-20260810/open/raw/scout-8192-grpc-linkerd-pilot3-v1.result.attempt1.txt
scout-8192-grpc-linkerd-pilot4-v1,pilot,4,grpc-linkerd,8192,12303,2,6164.000,416288.00,924416.00,24538,0,0,0,16,0,0.501016,0.997236,0.000000,0.983618,0.738462,1.722080,2,NA,0,0,overflow+achieved,/home/jukebox/DPUmesh/integrations/linkerd/bench/report/data/linkerd-20260810/open/raw/scout-8192-grpc-linkerd-pilot4-v1.result.attempt1.txt
scout-8192-grpc-linkerd-validate4-v1,validate,4,grpc-linkerd,8192,12303,10,5350.000,7673411.24,7673411.24,122360,0,0,0,38260,0,0.434853,0.994554,0.000000,0.996148,0.704284,1.700432,2,NA,0,0,overflow+achieved,/home/jukebox/DPUmesh/integrations/linkerd/bench/report/data/linkerd-20260810/open/raw/scout-8192-grpc-linkerd-validate4-v1.result.attempt1.txt
scout-8192-grpc-linkerd-validate4-v2,validate,4,grpc-linkerd,8192,12303,10,4680.000,8047489.84,8047489.84,122948,0,0,14065,33930,0,0.380395,0.999333,0.000000,0.997066,0.560927,1.557993,2,NA,0,0,fail+overflow+achieved,/home/jukebox/DPUmesh/integrations/linkerd/bench/report/data/linkerd-20260810/open/raw/scout-8192-grpc-linkerd-validate4-v2.result.attempt1.txt
scout-8192-grpc-linkerd-backtrack3-v1,backtrack,3,grpc-linkerd,8192,9113,10,5665.000,5513844.59,5513844.59,91130,0,0,0,34811,0,0.621639,1.000000,0.000000,0.966114,0.996939,1.963053,2,NA,0,0,overflow+achieved,/home/jukebox/DPUmesh/integrations/linkerd/bench/report/data/linkerd-20260810/open/raw/scout-8192-grpc-linkerd-backtrack3-v1.result.attempt1.txt
